# Blender v3.1.2 OBJ File: ''
# www.blender.org
mtllib Bard_Body.mtl
o Bard_Body
v -1.400000 -0.700000 0.500000
v -1.400000 -1.200000 -0.700000
v -1.400000 -1.200000 0.500000
v -1.400000 -0.700000 -0.700000
v -1.300000 -1.200000 0.500000
v -1.300000 -1.300000 -0.700000
v -1.300000 -1.300000 0.700000
v -1.300000 -1.200000 -0.700000
v -1.300000 -0.700000 0.500000
v -1.300000 -0.500000 0.700000
v -1.300000 -0.700000 -0.700000
v -1.300000 -0.500000 -0.700000
v -1.200000 -1.300000 0.700000
v -1.200000 -1.400000 -0.800000
v -1.200000 -1.400000 0.800000
v -1.200000 -1.300000 -0.700000
v -1.200000 -0.500000 0.800000
v -1.200000 -0.500000 0.700000
v -1.200000 -0.500000 -0.700000
v -1.200000 -0.500000 -0.800000
v -1.200000 0.800000 0.700001
v -1.200000 0.800000 -0.699999
v -1.100000 -1.400000 0.800000
v -1.100000 -1.500000 -0.800000
v -1.100000 -1.500000 0.800000
v -1.100000 -1.400000 -0.800000
v -1.100000 -0.600000 -0.800000
v -1.100000 -1.400000 -0.900000
v -1.100000 -0.600000 -0.900000
v -1.100000 -0.500000 0.900000
v -1.100000 -1.300000 0.800000
v -1.100000 -1.300000 0.900000
v -1.100000 -0.500000 0.800000
v -1.100000 0.800000 0.700001
v -1.100000 -0.500000 0.700000
v -1.100000 0.800000 -0.699999
v -1.100000 -0.500000 -0.800000
v -1.100000 -0.500000 -0.700000
v -1.100000 0.900000 0.800001
v -1.100000 0.900000 -0.799999
v -1.000000 -0.500000 -0.800000
v -1.000000 -0.600000 -0.900000
v -1.000000 -0.600000 -0.800000
v -1.000000 -0.500000 -0.899999
v -1.000000 0.900000 0.800001
v -1.000000 -0.500000 0.800000
v -1.000000 -0.500000 0.900000
v -1.000000 0.900000 -0.799999
v -1.000000 1.000000 0.900001
v -1.000000 1.000000 -0.899999
v -0.900000 -1.300000 0.900000
v -0.900000 -1.400000 0.800000
v -0.900000 -1.400000 0.900000
v -0.900000 -1.300000 0.800000
v -0.900000 -1.300000 -1.000000
v -0.900000 -1.400000 -1.000000
v -0.900000 -1.400000 -0.900000
v -0.900000 -0.500000 1.000000
v -0.900000 -1.200000 0.900000
v -0.900000 -1.200000 1.000000
v -0.900000 -0.500000 0.900000
v -0.900000 -0.500000 -0.899999
v -0.900000 -1.300000 -1.100000
v -0.900000 -0.500000 -1.000000
v -0.900000 -0.500000 -1.100000
v -0.900000 0.900000 1.000001
v -0.900000 0.900000 0.900001
v -0.900000 0.900000 -0.899999
v -0.900000 0.900000 -0.999999
v -0.900000 1.100000 0.900001
v -0.900000 1.000000 -0.899999
v -0.900000 1.000000 0.900001
v -0.900000 1.100000 -0.899999
v -0.800000 -1.500000 0.700000
v -0.800000 -1.600000 -0.800000
v -0.800000 -1.600000 0.700000
v -0.800000 -1.500000 -0.800000
v -0.800000 -1.200000 1.000000
v -0.800000 -1.300000 0.900000
v -0.800000 -1.300000 1.000000
v -0.800000 -1.200000 0.900000
v -0.800000 -0.500000 1.100000
v -0.800000 -1.200000 1.100000
v -0.800000 -0.500000 1.000000
v -0.800000 -0.500000 -1.100000
v -0.800000 -1.300000 -1.200000
v -0.800000 -1.300000 -1.100000
v -0.800000 -0.500000 -1.200000
v -0.800000 0.800000 1.300001
v -0.800000 0.600000 1.200001
v -0.800000 0.600000 1.300001
v -0.800000 0.800000 1.200001
v -0.800000 0.900000 1.100001
v -0.800000 0.900000 1.000001
v -0.800000 0.900000 -0.999999
v -0.800000 -0.500000 -1.000000
v -0.800000 0.900000 -1.099999
v -0.800000 1.000000 1.000001
v -0.800000 0.900000 0.900001
v -0.800000 1.000000 0.900001
v -0.800000 1.000000 -0.899999
v -0.800000 0.900000 -0.899999
v -0.800000 1.000000 -0.999999
v -0.800000 1.200000 0.800001
v -0.800000 1.100000 -0.799999
v -0.800000 1.100000 0.800001
v -0.800000 1.200000 -0.799999
v -0.700000 -2.100000 0.500000
v -0.700000 -2.200000 -0.400000
v -0.700000 -2.200000 0.500000
v -0.700000 -2.100000 -0.400000
v -0.700000 -1.500000 0.800000
v -0.700000 -1.600000 0.700000
v -0.700000 -1.600000 0.800000
v -0.700000 -1.500000 0.700000
v -0.700000 -1.500000 -0.800000
v -0.700000 -1.600000 -0.900000
v -0.700000 -1.600000 -0.800000
v -0.700000 -1.500000 -0.900000
v -0.700000 0.600000 1.300001
v -0.700000 0.500000 1.200001
v -0.700000 0.500000 1.300001
v -0.700000 0.600000 1.200001
v -0.700000 1.300000 0.700001
v -0.700000 1.200000 -0.699999
v -0.700000 1.200000 0.700001
v -0.700000 1.300000 -0.699999
v -0.600000 -2.100000 0.600000
v -0.600000 -2.200000 0.500000
v -0.600000 -2.200000 0.600000
v -0.600000 -2.100000 0.500000
v -0.600000 -1.600000 0.400000
v -0.600000 -2.100000 -0.300000
v -0.600000 -2.100000 0.400000
v -0.600000 -1.600000 -0.300000
v -0.600000 -0.600000 1.200000
v -0.600000 -1.000000 1.100000
v -0.600000 -1.000000 1.200000
v -0.600000 -0.500000 1.300000
v -0.600000 -0.600000 1.300000
v -0.600000 -0.500000 1.200000
v -0.600000 -0.500000 1.100000
v -0.600000 -0.500000 -1.200000
v -0.600000 -1.100000 -1.400000
v -0.600000 -1.100000 -1.200000
v -0.600000 -0.500000 -1.400000
v -0.600000 -0.400000 1.300000
v -0.600000 -0.400000 1.200000
v -0.600000 -0.200000 1.300000
v -0.600000 -0.200000 1.200001
v -0.600000 0.200000 1.200001
v -0.600000 0.500000 1.300001
v -0.600000 0.200000 1.300000
v -0.600000 0.500000 1.200001
v -0.600000 0.700000 -1.099999
v -0.600000 -0.500000 -1.100000
v -0.600000 0.700000 -1.199999
v -0.600000 0.800000 1.200001
v -0.600000 0.800000 1.100001
v -0.500000 -0.500000 1.400000
v -0.500000 -0.600000 1.300000
v -0.500000 -0.600000 1.400000
v -0.500000 -0.500000 1.300000
v -0.500000 -0.400000 1.400000
v -0.500000 -0.400000 1.300000
v -0.500000 -0.200000 1.300000
v -0.500000 -0.100000 1.400000
v -0.500000 -0.200000 1.200001
v -0.500000 -0.100000 1.300000
v -0.500000 -0.000000 1.300000
v -0.500000 -0.000000 1.200001
v -0.400000 -0.600000 1.400000
v -0.400000 -0.700000 1.200000
v -0.400000 -0.700000 1.400000
v -0.400000 -0.600000 1.200000
v -0.400000 -0.500000 1.500000
v -0.400000 -0.600000 1.500000
v -0.400000 -0.500000 1.400000
v -0.400000 -0.500000 -1.400000
v -0.400000 -1.100000 -1.500000
v -0.400000 -1.100000 -1.400000
v -0.400000 -0.500000 -1.500000
v -0.400000 -0.400000 1.500000
v -0.400000 -0.400000 1.400000
v -0.400000 -0.200000 1.500000
v -0.400000 -0.200000 1.400000
v -0.400000 -0.000000 1.400000
v -0.400000 -0.100000 1.300000
v -0.400000 -0.100000 1.400000
v -0.400000 -0.000000 1.300000
v -0.400000 0.100000 1.300000
v -0.400000 -0.000000 1.200001
v -0.400000 0.100000 1.200001
v -0.400000 0.400000 -1.199999
v -0.400000 -0.500000 -1.300000
v -0.400000 -0.500000 -1.200000
v -0.400000 0.400000 -1.299999
v -0.300000 -0.100000 1.500000
v -0.300000 -0.200000 1.400000
v -0.300000 -0.200000 1.500000
v -0.300000 -0.100000 1.400000
v -0.200000 0.000000 -1.299999
v -0.200000 -0.500000 -1.400000
v -0.200000 -0.500000 -1.300000
v -0.200000 0.000000 -1.399999
v -0.100000 -0.900000 -1.600000
v -0.100000 -1.000000 -1.600000
v -0.100000 -1.000000 -1.500000
v -0.100000 -0.800000 -1.700000
v -0.100000 -0.900000 -1.700000
v -0.100000 -0.700000 -1.500000
v -0.100000 -0.800000 -1.800000
v -0.100000 -0.700000 -1.600000
v -0.100000 -0.600000 -1.600000
v -0.100000 -0.600000 -1.800000
v -0.100000 1.400000 0.200001
v -0.100000 1.300000 -0.299999
v -0.100000 1.300000 0.200001
v -0.100000 1.400000 0.100001
v -0.100000 1.400000 -0.299999
v -0.100000 1.500000 0.100001
v -0.100000 1.400000 -0.399999
v -0.100000 1.500000 0.000001
v -0.100000 1.500000 -0.399999
v -0.100000 1.700000 0.000001
v -0.100000 1.500000 -0.499999
v -0.100000 1.700000 -0.499999
v 0.100000 -2.100000 0.500000
v 0.100000 -2.200000 -0.400000
v 0.100000 -2.200000 0.500000
v 0.100000 -2.100000 -0.400000
v 0.100000 -0.600000 -1.200000
v 0.100000 -1.000000 -1.300000
v 0.100000 -1.000000 -1.200000
v 0.100000 -0.600000 -1.300000
v 0.100000 0.500000 1.300001
v 0.100000 0.200000 1.200001
v 0.100000 0.200000 1.300000
v 0.100000 0.500000 1.200001
v 0.100000 0.700000 1.300001
v 0.100000 0.700000 1.200001
v 0.100000 1.400000 -0.299999
v 0.100000 1.300000 -0.599999
v 0.100000 1.300000 -0.299999
v 0.100000 1.400000 -0.399999
v 0.100000 1.400000 -0.599999
v 0.100000 1.500000 -0.399999
v 0.100000 1.400000 -0.699999
v 0.100000 1.500000 -0.499999
v 0.100000 1.600000 -0.499999
v 0.100000 1.600000 -0.699999
v 0.200000 -2.100000 0.600000
v 0.200000 -2.200000 0.500000
v 0.200000 -2.200000 0.600000
v 0.200000 -2.100000 0.500000
v 0.200000 -1.600000 0.400000
v 0.200000 -2.100000 -0.300000
v 0.200000 -2.100000 0.400000
v 0.200000 -1.600000 -0.300000
v 0.500000 0.800000 1.300001
v 0.500000 0.700000 1.200001
v 0.500000 0.700000 1.300001
v 0.500000 0.800000 1.200001
v -0.500000 0.700000 1.300001
v -0.500000 0.700000 1.200001
v -0.500000 0.800000 1.300001
v -0.500000 0.800000 1.200001
v -0.200000 -2.200000 0.600000
v -0.200000 -2.200000 0.500000
v -0.200000 -2.100000 0.600000
v -0.200000 -2.100000 0.500000
v -0.200000 -2.100000 0.400000
v -0.200000 -2.100000 -0.300000
v -0.200000 -1.600000 0.400000
v -0.200000 -1.600000 -0.300000
v -0.100000 -2.200000 0.500000
v -0.100000 -2.200000 -0.400000
v -0.100000 -2.100000 0.500000
v -0.100000 -2.100000 -0.400000
v -0.100000 -1.000000 -1.200000
v -0.100000 -1.000000 -1.300000
v -0.100000 -0.600000 -1.200000
v -0.100000 -0.600000 -1.300000
v -0.100000 0.200000 1.300000
v -0.100000 0.200000 1.200001
v -0.100000 0.500000 1.300001
v -0.100000 0.500000 1.200001
v -0.100000 0.700000 1.300001
v -0.100000 0.700000 1.200001
v 0.100000 -1.000000 -1.500000
v 0.100000 -1.000000 -1.600000
v 0.100000 -0.900000 -1.600000
v 0.100000 -0.900000 -1.700000
v 0.100000 -0.800000 -1.700000
v 0.100000 -0.700000 -1.500000
v 0.100000 -0.800000 -1.800000
v 0.100000 -0.700000 -1.600000
v 0.100000 -0.600000 -1.600000
v 0.100000 -0.600000 -1.800000
v 0.100000 1.300000 0.200001
v 0.100000 1.300000 -0.099999
v 0.100000 1.400000 0.200001
v 0.100000 1.400000 0.100001
v 0.100000 1.400000 -0.099999
v 0.100000 1.400000 -0.199999
v 0.100000 1.500000 0.100001
v 0.100000 1.500000 0.000001
v 0.100000 1.600000 -0.199999
v 0.100000 1.700000 0.000001
v 0.100000 1.600000 -0.499999
v 0.100000 1.700000 -0.499999
v 0.200000 -0.500000 -1.300000
v 0.200000 -0.500000 -1.400000
v 0.200000 0.000000 -1.299999
v 0.200000 0.000000 -1.399999
v 0.300000 -0.200000 1.500000
v 0.300000 -0.200000 1.400000
v 0.300000 -0.100000 1.500000
v 0.300000 -0.100000 1.400000
v 0.300000 1.300000 -0.099999
v 0.300000 1.300000 -0.599999
v 0.300000 1.400000 -0.099999
v 0.300000 1.400000 -0.199999
v 0.300000 1.400000 -0.599999
v 0.300000 1.400000 -0.699999
v 0.300000 1.600000 -0.199999
v 0.300000 1.600000 -0.699999
v 0.400000 -0.700000 1.400000
v 0.400000 -0.700000 1.200000
v 0.400000 -0.600000 1.400000
v 0.400000 -0.600000 1.200000
v 0.400000 -0.600000 1.500000
v 0.400000 -0.500000 1.500000
v 0.400000 -0.500000 1.400000
v 0.400000 -1.100000 -1.400000
v 0.400000 -1.100000 -1.500000
v 0.400000 -0.500000 -1.400000
v 0.400000 -0.500000 -1.500000
v 0.400000 -0.400000 1.500000
v 0.400000 -0.400000 1.400000
v 0.400000 -0.200000 1.500000
v 0.400000 -0.200000 1.400000
v 0.400000 -0.100000 1.400000
v 0.400000 -0.100000 1.300000
v 0.400000 -0.000000 1.400000
v 0.400000 -0.000000 1.300000
v 0.400000 -0.000000 1.200001
v 0.400000 0.100000 1.300000
v 0.400000 0.100000 1.200001
v 0.400000 -0.500000 -1.200000
v 0.400000 -0.500000 -1.300000
v 0.400000 0.400000 -1.199999
v 0.400000 0.400000 -1.299999
v 0.500000 -0.600000 1.400000
v 0.500000 -0.600000 1.300000
v 0.500000 -0.500000 1.400000
v 0.500000 -0.500000 1.300000
v 0.500000 -0.400000 1.400000
v 0.500000 -0.400000 1.300000
v 0.500000 -0.200000 1.300000
v 0.500000 -0.100000 1.400000
v 0.500000 -0.200000 1.200001
v 0.500000 -0.100000 1.300000
v 0.500000 -0.000000 1.300000
v 0.500000 -0.000000 1.200001
v 0.600000 -2.200000 0.600000
v 0.600000 -2.200000 0.500000
v 0.600000 -2.100000 0.600000
v 0.600000 -2.100000 0.500000
v 0.600000 -2.100000 0.400000
v 0.600000 -2.100000 -0.300000
v 0.600000 -1.600000 0.400000
v 0.600000 -1.600000 -0.300000
v 0.600000 -1.000000 1.200000
v 0.600000 -1.000000 1.100000
v 0.600000 -0.600000 1.200000
v 0.600000 -0.600000 1.300000
v 0.600000 -0.500000 1.300000
v 0.600000 -0.500000 1.200000
v 0.600000 -0.500000 1.100000
v 0.600000 -1.100000 -1.200000
v 0.600000 -1.100000 -1.400000
v 0.600000 -0.500000 -1.200000
v 0.600000 -0.500000 -1.400000
v 0.600000 -0.400000 1.300000
v 0.600000 -0.400000 1.200000
v 0.600000 -0.200000 1.300000
v 0.600000 -0.200000 1.200001
v 0.600000 0.200000 1.200001
v 0.600000 0.200000 1.300000
v 0.600000 0.500000 1.300001
v 0.600000 0.500000 1.200001
v 0.600000 -0.500000 -1.100000
v 0.600000 0.700000 -1.099999
v 0.600000 0.700000 -1.199999
v 0.600000 0.800000 1.200001
v 0.600000 0.800000 1.100001
v 0.700000 -2.200000 0.500000
v 0.700000 -2.200000 -0.400000
v 0.700000 -2.100000 0.500000
v 0.700000 -2.100000 -0.400000
v 0.700000 -1.600000 0.800000
v 0.700000 -1.600000 0.700000
v 0.700000 -1.500000 0.800000
v 0.700000 -1.500000 0.700000
v 0.700000 -1.600000 -0.800000
v 0.700000 -1.600000 -0.900000
v 0.700000 -1.500000 -0.800000
v 0.700000 -1.500000 -0.900000
v 0.700000 0.500000 1.300001
v 0.700000 0.500000 1.200001
v 0.700000 0.600000 1.300001
v 0.700000 0.600000 1.200001
v 0.700000 1.200000 0.700001
v 0.700000 1.200000 -0.699999
v 0.700000 1.300000 0.700001
v 0.700000 1.300000 -0.699999
v 0.800000 -1.600000 0.700000
v 0.800000 -1.600000 -0.800000
v 0.800000 -1.500000 0.700000
v 0.800000 -1.500000 -0.800000
v 0.800000 -1.300000 1.000000
v 0.800000 -1.300000 0.900000
v 0.800000 -1.200000 1.000000
v 0.800000 -1.200000 0.900000
v 0.800000 -1.200000 1.100000
v 0.800000 -0.500000 1.100000
v 0.800000 -0.500000 1.000000
v 0.800000 -1.300000 -1.100000
v 0.800000 -1.300000 -1.200000
v 0.800000 -0.500000 -1.100000
v 0.800000 -0.500000 -1.200000
v 0.800000 0.600000 1.300001
v 0.800000 0.600000 1.200001
v 0.800000 0.800000 1.300001
v 0.800000 0.800000 1.200001
v 0.800000 0.900000 1.100001
v 0.800000 0.900000 1.000001
v 0.800000 -0.500000 -1.000000
v 0.800000 0.900000 -0.999999
v 0.800000 0.900000 -1.099999
v 0.800000 0.900000 0.900001
v 0.800000 1.000000 1.000001
v 0.800000 1.000000 0.900001
v 0.800000 0.900000 -0.899999
v 0.800000 1.000000 -0.899999
v 0.800000 1.000000 -0.999999
v 0.800000 1.100000 0.800001
v 0.800000 1.100000 -0.799999
v 0.800000 1.200000 0.800001
v 0.800000 1.200000 -0.799999
v 0.900000 -1.400000 0.900000
v 0.900000 -1.400000 0.800000
v 0.900000 -1.300000 0.900000
v 0.900000 -1.300000 0.800000
v 0.900000 -1.400000 -0.900000
v 0.900000 -1.400000 -1.000000
v 0.900000 -1.300000 -1.000000
v 0.900000 -1.200000 1.000000
v 0.900000 -1.200000 0.900000
v 0.900000 -0.500000 1.000000
v 0.900000 -0.500000 0.900000
v 0.900000 -1.300000 -1.100000
v 0.900000 -0.500000 -0.899999
v 0.900000 -0.500000 -1.000000
v 0.900000 -0.500000 -1.100000
v 0.900000 0.900000 1.000001
v 0.900000 0.900000 0.900001
v 0.900000 0.900000 -0.899999
v 0.900000 0.900000 -0.999999
v 0.900000 1.000000 0.900001
v 0.900000 1.000000 -0.899999
v 0.900000 1.100000 0.900001
v 0.900000 1.100000 -0.899999
v 1.000000 -1.400000 -0.800000
v 1.000000 -1.400000 -0.900000
v 1.000000 -1.300000 -0.800000
v 1.000000 -1.300000 -0.900000
v 1.000000 -0.500000 0.900000
v 1.000000 -0.500000 0.800000
v 1.000000 0.900000 0.800001
v 1.000000 -0.500000 -0.800000
v 1.000000 -0.500000 -0.899999
v 1.000000 0.900000 -0.799999
v 1.000000 1.000000 0.900001
v 1.000000 1.000000 -0.899999
v 1.100000 -1.300000 0.900000
v 1.100000 -1.300000 0.800000
v 1.100000 -0.500000 0.900000
v 1.100000 -0.500000 0.800000
v 1.100000 -1.300000 -0.800000
v 1.100000 -1.300000 -0.900000
v 1.100000 -0.500000 -0.800000
v 1.100000 -0.500000 -0.899999
v 1.100000 -0.500000 0.700000
v 1.100000 0.800000 0.700001
v 1.100000 -0.500000 -0.700000
v 1.100000 0.800000 -0.699999
v 1.100000 0.900000 0.800001
v 1.100000 0.900000 -0.799999
v 1.200000 -1.500000 0.800000
v 1.200000 -1.500000 -0.800000
v 1.200000 -1.300000 0.700000
v 1.200000 -1.300000 -0.700000
v 1.200000 -0.500000 0.800000
v 1.200000 -0.500000 0.700000
v 1.200000 -0.500000 -0.700000
v 1.200000 -0.500000 -0.800000
v 1.200000 0.800000 0.700001
v 1.200000 0.800000 -0.699999
v 1.300000 -1.300000 0.700000
v 1.300000 -1.300000 -0.700000
v 1.300000 -1.200000 0.500000
v 1.300000 -1.200000 -0.700000
v 1.300000 -0.700000 0.500000
v 1.300000 -0.500000 0.700000
v 1.300000 -0.700000 -0.700000
v 1.300000 -0.500000 -0.700000
v 1.400000 -1.200000 0.500000
v 1.400000 -1.200000 -0.700000
v 1.400000 -0.700000 0.500000
v 1.400000 -0.700000 -0.700000
v -0.300000 -0.200000 1.500000
v -0.400000 -0.200000 1.500000
v -0.400000 -0.400000 1.500000
v -0.200000 -0.600000 1.500000
v -0.400000 -0.500000 1.500000
v -0.400000 -0.600000 1.500000
v -0.200000 -0.500000 1.500000
v -0.200000 -0.400000 1.500000
v -0.300000 -0.100000 1.500000
v 0.200000 -0.600000 1.500000
v 0.200000 -0.500000 1.500000
v 0.200000 -0.400000 1.500000
v 0.300000 -0.200000 1.500000
v 0.300000 -0.100000 1.500000
v 0.400000 -0.600000 1.500000
v 0.400000 -0.500000 1.500000
v 0.400000 -0.400000 1.500000
v 0.400000 -0.200000 1.500000
v -0.400000 -0.600000 1.400000
v -0.500000 -0.500000 1.400000
v -0.500000 -0.600000 1.400000
v -0.400000 -0.500000 1.400000
v -0.500000 -0.400000 1.400000
v -0.400000 -0.400000 1.400000
v -0.500000 -0.100000 1.400000
v -0.400000 -0.200000 1.400000
v -0.400000 -0.100000 1.400000
v -0.300000 -0.200000 1.400000
v -0.400000 -0.000000 1.400000
v -0.300000 -0.100000 1.400000
v -0.200000 -0.600000 1.400000
v -0.400000 -0.700000 1.400000
v 0.200000 -0.600000 1.400000
v 0.300000 -0.100000 1.400000
v 0.400000 -0.700000 1.400000
v 0.400000 -0.600000 1.400000
v 0.400000 -0.200000 1.400000
v 0.300000 -0.200000 1.400000
v 0.400000 -0.100000 1.400000
v 0.400000 -0.000000 1.400000
v 0.500000 -0.600000 1.400000
v 0.400000 -0.500000 1.400000
v 0.500000 -0.500000 1.400000
v 0.400000 -0.400000 1.400000
v 0.500000 -0.400000 1.400000
v 0.500000 -0.100000 1.400000
v -0.700000 0.600000 1.300001
v -0.800000 0.800000 1.300001
v -0.800000 0.600000 1.300001
v -0.600000 0.500000 1.300001
v -0.700000 0.500000 1.300001
v -0.500000 -0.600000 1.300000
v -0.600000 -0.500000 1.300000
v -0.600000 -0.600000 1.300000
v -0.500000 -0.500000 1.300000
v -0.600000 -0.400000 1.300000
v -0.500000 -0.400000 1.300000
v -0.600000 -0.200000 1.300000
v -0.500000 -0.200000 1.300000
v -0.500000 0.700000 1.300001
v -0.500000 0.800000 1.300001
v -0.400000 -0.100000 1.300000
v -0.500000 -0.000000 1.300000
v -0.500000 -0.100000 1.300000
v -0.400000 -0.000000 1.300000
v -0.400000 0.300000 1.300000
v -0.600000 0.200000 1.300000
v -0.400000 0.500000 1.300001
v -0.200000 0.300000 1.300000
v -0.200000 0.500000 1.300001
v -0.100000 0.200000 1.300000
v -0.100000 0.500000 1.300001
v -0.100000 0.700000 1.300001
v 0.200000 0.300000 1.300000
v 0.100000 0.500000 1.300001
v 0.100000 0.200000 1.300000
v 0.200000 0.500000 1.300001
v 0.100000 0.700000 1.300001
v 0.400000 -0.000000 1.300000
v -0.400000 0.100000 1.300000
v 0.400000 0.100000 1.300000
v 0.400000 0.300000 1.300000
v 0.400000 0.500000 1.300001
v 0.500000 -0.100000 1.300000
v 0.400000 -0.100000 1.300000
v 0.500000 -0.000000 1.300000
v 0.500000 0.700000 1.300001
v 0.600000 -0.600000 1.300000
v 0.500000 -0.500000 1.300000
v 0.500000 -0.600000 1.300000
v 0.600000 -0.500000 1.300000
v 0.500000 -0.400000 1.300000
v 0.600000 -0.400000 1.300000
v 0.500000 -0.200000 1.300000
v 0.600000 -0.200000 1.300000
v 0.600000 0.200000 1.300000
v 0.600000 0.500000 1.300001
v 0.500000 0.800000 1.300001
v 0.700000 0.500000 1.300001
v 0.700000 0.600000 1.300001
v 0.800000 0.600000 1.300001
v 0.800000 0.800000 1.300001
v -0.500000 -0.200000 1.200001
v -0.600000 0.200000 1.200001
v -0.600000 -0.200000 1.200001
v -0.500000 -0.000000 1.200001
v -0.400000 -0.700000 1.200000
v -0.600000 -0.600000 1.200000
v -0.600000 -1.000000 1.200000
v -0.400000 -0.600000 1.200000
v -0.400000 -0.000000 1.200001
v -0.400000 0.100000 1.200001
v -0.100000 0.200000 1.200001
v -0.100000 0.700000 1.200001
v -0.500000 0.800000 1.200001
v -0.500000 0.700000 1.200001
v 0.100000 0.200000 1.200001
v -0.100000 0.500000 1.200001
v 0.100000 0.500000 1.200001
v 0.100000 0.700000 1.200001
v 0.400000 -0.700000 1.200000
v 0.400000 0.100000 1.200001
v 0.500000 -0.000000 1.200001
v 0.400000 -0.000000 1.200001
v 0.500000 0.700000 1.200001
v 0.500000 0.800000 1.200001
v 0.600000 -1.000000 1.200000
v 0.400000 -0.600000 1.200000
v 0.600000 -0.600000 1.200000
v 0.600000 -0.200000 1.200001
v 0.500000 -0.200000 1.200001
v 0.600000 0.200000 1.200001
v -0.600000 -1.000000 1.100000
v -0.800000 -0.500000 1.100000
v -0.800000 -1.200000 1.100000
v -0.600000 -0.500000 1.100000
v -0.800000 0.900000 1.100001
v -0.600000 0.800000 1.100001
v 0.600000 -1.000000 1.100000
v 0.600000 0.800000 1.100001
v 0.800000 -1.200000 1.100000
v 0.600000 -0.500000 1.100000
v 0.800000 -0.500000 1.100000
v 0.800000 0.900000 1.100001
v -0.800000 -1.200000 1.000000
v -0.900000 -0.500000 1.000000
v -0.900000 -1.200000 1.000000
v -0.800000 -0.500000 1.000000
v -0.900000 0.900000 1.000001
v -0.800000 0.900000 1.000001
v 0.800000 -1.300000 1.000000
v -0.800000 -1.300000 1.000000
v 0.800000 -1.200000 1.000000
v 0.800000 0.900000 1.000001
v -0.800000 1.000000 1.000001
v 0.800000 1.000000 1.000001
v 0.900000 -1.200000 1.000000
v 0.800000 -0.500000 1.000000
v 0.900000 -0.500000 1.000000
v 0.900000 0.900000 1.000001
v -1.000000 -0.500000 0.900000
v -1.100000 -0.500000 0.900000
v -1.100000 -1.300000 0.900000
v -0.900000 -1.300000 0.900000
v -0.900000 -1.200000 0.900000
v -0.900000 -0.500000 0.900000
v -1.000000 1.000000 0.900001
v -0.900000 0.900000 0.900001
v -0.900000 1.000000 0.900001
v -0.800000 -1.300000 0.900000
v -0.900000 -1.400000 0.900000
v -0.800000 -1.200000 0.900000
v -0.800000 0.900000 0.900001
v -0.900000 1.100000 0.900001
v -0.800000 1.000000 0.900001
v 0.800000 -1.300000 0.900000
v 0.800000 1.000000 0.900001
v 0.900000 -1.400000 0.900000
v 0.800000 -1.200000 0.900000
v 0.900000 -1.300000 0.900000
v 0.900000 -1.200000 0.900000
v 0.900000 0.900000 0.900001
v 0.800000 0.900000 0.900001
v 0.900000 1.000000 0.900001
v 0.900000 1.100000 0.900001
v 1.000000 -0.500000 0.900000
v 0.900000 -0.500000 0.900000
v 1.000000 1.000000 0.900001
v 1.100000 -1.300000 0.900000
v 1.100000 -0.500000 0.900000
v -1.100000 -1.400000 0.800000
v -1.200000 -0.500000 0.800000
v -1.200000 -1.400000 0.800000
v -1.100000 -1.300000 0.800000
v -1.100000 -0.500000 0.800000
v -1.000000 -0.500000 0.800000
v -1.100000 0.900000 0.800001
v -1.000000 0.900000 0.800001
v -0.900000 -1.400000 0.800000
v -1.100000 -1.500000 0.800000
v -0.900000 -1.300000 0.800000
v -0.700000 -1.500000 0.800000
v 0.700000 -1.600000 0.800000
v -0.700000 -1.600000 0.800000
v 0.700000 -1.500000 0.800000
v 0.800000 1.100000 0.800001
v -0.800000 1.200000 0.800001
v -0.800000 1.100000 0.800001
v 0.800000 1.200000 0.800001
v 0.900000 -1.400000 0.800000
v 1.100000 -1.300000 0.800000
v 0.900000 -1.300000 0.800000
v 1.100000 -0.500000 0.800000
v 1.000000 0.900000 0.800001
v 1.000000 -0.500000 0.800000
v 1.100000 0.900000 0.800001
v 1.200000 -1.500000 0.800000
v 1.200000 -0.500000 0.800000
v -1.200000 -1.300000 0.700000
v -1.300000 -0.500000 0.700000
v -1.300000 -1.300000 0.700000
v -1.200000 -0.500000 0.700000
v -1.100000 -0.500000 0.700000
v -1.200000 0.800000 0.700001
v -1.100000 0.800000 0.700001
v -0.700000 -1.600000 0.700000
v -0.800000 -1.500000 0.700000
v -0.800000 -1.600000 0.700000
v -0.700000 -1.500000 0.700000
v 0.700000 1.200000 0.700001
v -0.700000 1.300000 0.700001
v -0.700000 1.200000 0.700001
v 0.700000 1.300000 0.700001
v 0.800000 -1.600000 0.700000
v 0.700000 -1.500000 0.700000
v 0.700000 -1.600000 0.700000
v 0.800000 -1.500000 0.700000
v 1.200000 -0.500000 0.700000
v 1.100000 0.800000 0.700001
v 1.100000 -0.500000 0.700000
v 1.200000 0.800000 0.700001
v 1.300000 -1.300000 0.700000
v 1.200000 -1.300000 0.700000
v 1.300000 -0.500000 0.700000
v -0.200000 -2.200000 0.600000
v -0.600000 -2.100000 0.600000
v -0.600000 -2.200000 0.600000
v -0.200000 -2.100000 0.600000
v 0.600000 -2.200000 0.600000
v 0.200000 -2.100000 0.600000
v 0.200000 -2.200000 0.600000
v 0.600000 -2.100000 0.600000
v -1.300000 -1.200000 0.500000
v -1.400000 -0.700000 0.500000
v -1.400000 -1.200000 0.500000
v -1.300000 -0.700000 0.500000
v -0.600000 -2.200000 0.500000
v -0.700000 -2.100000 0.500000
v -0.700000 -2.200000 0.500000
v -0.600000 -2.100000 0.500000
v -0.100000 -2.200000 0.500000
v -0.200000 -2.100000 0.500000
v -0.200000 -2.200000 0.500000
v -0.100000 -2.100000 0.500000
v 0.200000 -2.200000 0.500000
v 0.100000 -2.100000 0.500000
v 0.100000 -2.200000 0.500000
v 0.200000 -2.100000 0.500000
v 0.700000 -2.200000 0.500000
v 0.600000 -2.100000 0.500000
v 0.600000 -2.200000 0.500000
v 0.700000 -2.100000 0.500000
v 1.400000 -1.200000 0.500000
v 1.300000 -0.700000 0.500000
v 1.300000 -1.200000 0.500000
v 1.400000 -0.700000 0.500000
v -0.200000 -2.100000 0.400000
v -0.600000 -1.600000 0.400000
v -0.600000 -2.100000 0.400000
v -0.200000 -1.600000 0.400000
v 0.600000 -2.100000 0.400000
v 0.200000 -1.600000 0.400000
v 0.200000 -2.100000 0.400000
v 0.600000 -1.600000 0.400000
v 0.100000 1.300000 0.200001
v -0.100000 1.400000 0.200001
v -0.100000 1.300000 0.200001
v 0.100000 1.400000 0.200001
v 0.100000 1.400000 0.100001
v -0.100000 1.500000 0.100001
v -0.100000 1.400000 0.100001
v 0.100000 1.500000 0.100001
v 0.100000 1.500000 0.000001
v -0.100000 1.700000 0.000001
v -0.100000 1.500000 0.000001
v 0.100000 1.700000 0.000001
v 0.300000 1.300000 -0.099999
v 0.100000 1.400000 -0.099999
v 0.100000 1.300000 -0.099999
v 0.300000 1.400000 -0.099999
v 0.300000 1.400000 -0.199999
v 0.100000 1.600000 -0.199999
v 0.100000 1.400000 -0.199999
v 0.300000 1.600000 -0.199999
v 0.100000 -1.000000 -1.300000
v -0.100000 -0.600000 -1.300000
v -0.100000 -1.000000 -1.300000
v 0.100000 -0.600000 -1.300000
v 0.100000 -0.700000 -1.600000
v -0.100000 -0.600000 -1.600000
v -0.100000 -0.700000 -1.600000
v 0.100000 -0.600000 -1.600000
v -0.800000 0.600000 1.200001
v -0.800000 0.800000 1.200001
v -0.700000 0.600000 1.200001
v -0.700000 0.500000 1.200001
v -0.600000 0.500000 1.200001
v -0.600000 0.800000 1.200001
v 0.600000 0.500000 1.200001
v 0.600000 0.800000 1.200001
v 0.700000 0.500000 1.200001
v 0.700000 0.600000 1.200001
v 0.800000 0.600000 1.200001
v 0.800000 0.800000 1.200001
v -0.600000 -2.100000 -0.300000
v -0.600000 -1.600000 -0.300000
v -0.200000 -2.100000 -0.300000
v -0.200000 -1.600000 -0.300000
v -0.100000 1.300000 -0.299999
v -0.100000 1.400000 -0.299999
v 0.100000 1.300000 -0.299999
v 0.100000 1.400000 -0.299999
v 0.200000 -2.100000 -0.300000
v 0.200000 -1.600000 -0.300000
v 0.600000 -2.100000 -0.300000
v 0.600000 -1.600000 -0.300000
v -0.700000 -2.200000 -0.400000
v -0.700000 -2.100000 -0.400000
v -0.100000 -2.200000 -0.400000
v -0.100000 -2.100000 -0.400000
v -0.100000 1.400000 -0.399999
v -0.100000 1.500000 -0.399999
v 0.100000 1.400000 -0.399999
v 0.100000 1.500000 -0.399999
v 0.100000 -2.200000 -0.400000
v 0.100000 -2.100000 -0.400000
v 0.700000 -2.200000 -0.400000
v 0.700000 -2.100000 -0.400000
v -0.100000 1.500000 -0.499999
v -0.100000 1.700000 -0.499999
v 0.100000 1.500000 -0.499999
v 0.100000 1.600000 -0.499999
v 0.100000 1.700000 -0.499999
v 0.100000 1.300000 -0.599999
v 0.100000 1.400000 -0.599999
v 0.300000 1.300000 -0.599999
v 0.300000 1.400000 -0.599999
v -1.400000 -1.200000 -0.700000
v -1.400000 -0.700000 -0.700000
v -1.300000 -1.200000 -0.700000
v -1.300000 -0.700000 -0.700000
v -1.300000 -1.300000 -0.700000
v -1.200000 -1.300000 -0.700000
v -1.300000 -0.500000 -0.700000
v -1.200000 -0.500000 -0.700000
v -1.200000 0.800000 -0.699999
v -1.100000 -0.500000 -0.700000
v -1.100000 0.800000 -0.699999
v 0.100000 1.400000 -0.699999
v 0.100000 1.600000 -0.699999
v 0.300000 1.400000 -0.699999
v 0.300000 1.600000 -0.699999
v -0.700000 1.200000 -0.699999
v -0.700000 1.300000 -0.699999
v 0.700000 1.200000 -0.699999
v 0.700000 1.300000 -0.699999
v 1.100000 -0.500000 -0.700000
v 1.100000 0.800000 -0.699999
v 1.200000 -0.500000 -0.700000
v 1.200000 0.800000 -0.699999
v 1.200000 -1.300000 -0.700000
v 1.300000 -1.300000 -0.700000
v 1.300000 -1.200000 -0.700000
v 1.300000 -0.700000 -0.700000
v 1.300000 -0.500000 -0.700000
v 1.400000 -1.200000 -0.700000
v 1.400000 -0.700000 -0.700000
v -1.200000 -1.400000 -0.800000
v -1.200000 -0.500000 -0.800000
v -1.100000 -1.400000 -0.800000
v -1.100000 -0.600000 -0.800000
v -1.100000 -0.500000 -0.800000
v -1.000000 -0.600000 -0.800000
v -1.100000 0.900000 -0.799999
v -1.000000 -0.500000 -0.800000
v -1.000000 0.900000 -0.799999
v -1.100000 -1.500000 -0.800000
v -0.800000 -1.500000 -0.800000
v -0.800000 -1.600000 -0.800000
v -0.700000 -1.600000 -0.800000
v -0.700000 -1.500000 -0.800000
v 0.700000 -1.500000 -0.800000
v 0.700000 -1.600000 -0.800000
v 0.800000 -1.600000 -0.800000
v 0.800000 -1.500000 -0.800000
v -0.800000 1.100000 -0.799999
v -0.800000 1.200000 -0.799999
v 0.800000 1.100000 -0.799999
v 0.800000 1.200000 -0.799999
v 1.000000 -1.400000 -0.800000
v 1.000000 -1.300000 -0.800000
v 1.100000 -1.300000 -0.800000
v 1.000000 -0.500000 -0.800000
v 1.000000 0.900000 -0.799999
v 1.100000 -0.500000 -0.800000
v 1.100000 0.900000 -0.799999
v 1.200000 -1.500000 -0.800000
v 1.200000 -0.500000 -0.800000
v -1.100000 -1.400000 -0.900000
v -1.100000 -0.600000 -0.900000
v -1.000000 -0.600000 -0.900000
v -0.900000 -1.400000 -0.900000
v -1.000000 -0.500000 -0.899999
v -1.000000 1.000000 -0.899999
v -0.900000 -0.500000 -0.899999
v -0.900000 0.900000 -0.899999
v -0.900000 1.000000 -0.899999
v -0.900000 1.100000 -0.899999
v -0.800000 0.900000 -0.899999
v -0.800000 1.000000 -0.899999
v -0.700000 -1.600000 -0.900000
v -0.700000 -1.500000 -0.900000
v 0.700000 -1.600000 -0.900000
v 0.700000 -1.500000 -0.900000
v 0.800000 1.000000 -0.899999
v 0.800000 0.900000 -0.899999
v 0.900000 0.900000 -0.899999
v 0.900000 1.000000 -0.899999
v 0.900000 1.100000 -0.899999
v 0.900000 -1.400000 -0.900000
v 0.900000 -0.500000 -0.899999
v 1.000000 -1.400000 -0.900000
v 1.000000 -1.300000 -0.900000
v 1.000000 -0.500000 -0.899999
v 1.000000 1.000000 -0.899999
v 1.100000 -1.300000 -0.900000
v 1.100000 -0.500000 -0.899999
v -0.900000 -0.500000 -1.000000
v -0.900000 0.900000 -0.999999
v -0.800000 -0.500000 -1.000000
v -0.800000 0.900000 -0.999999
v -0.800000 1.000000 -0.999999
v 0.800000 0.900000 -0.999999
v 0.800000 1.000000 -0.999999
v -0.900000 -1.400000 -1.000000
v -0.900000 -1.300000 -1.000000
v 0.900000 -1.400000 -1.000000
v 0.900000 -1.300000 -1.000000
v 0.800000 -0.500000 -1.000000
v 0.900000 -0.500000 -1.000000
v 0.900000 0.900000 -0.999999
v -0.900000 -1.300000 -1.100000
v -0.900000 -0.500000 -1.100000
v -0.800000 -1.300000 -1.100000
v -0.800000 -0.500000 -1.100000
v -0.800000 0.900000 -1.099999
v -0.600000 -0.500000 -1.100000
v -0.600000 0.700000 -1.099999
v 0.600000 0.700000 -1.099999
v 0.600000 -0.500000 -1.100000
v 0.800000 -0.500000 -1.100000
v 0.800000 0.900000 -1.099999
v 0.800000 -1.300000 -1.100000
v 0.900000 -1.300000 -1.100000
v 0.900000 -0.500000 -1.100000
v -0.800000 -1.300000 -1.200000
v -0.800000 -0.500000 -1.200000
v -0.600000 -1.100000 -1.200000
v -0.600000 -0.500000 -1.200000
v -0.600000 0.700000 -1.199999
v -0.400000 -0.500000 -1.200000
v -0.400000 0.400000 -1.199999
v -0.100000 -1.000000 -1.200000
v -0.100000 -0.600000 -1.200000
v 0.100000 -1.000000 -1.200000
v 0.100000 -0.600000 -1.200000
v 0.400000 0.400000 -1.199999
v 0.600000 -1.100000 -1.200000
v 0.400000 -0.500000 -1.200000
v 0.600000 -0.500000 -1.200000
v 0.600000 0.700000 -1.199999
v 0.800000 -1.300000 -1.200000
v 0.800000 -0.500000 -1.200000
v -0.400000 -0.500000 -1.300000
v -0.400000 0.400000 -1.299999
v -0.200000 -0.500000 -1.300000
v -0.200000 0.000000 -1.299999
v 0.200000 0.000000 -1.299999
v 0.200000 -0.500000 -1.300000
v 0.400000 -0.500000 -1.300000
v 0.400000 0.400000 -1.299999
v -0.600000 -1.100000 -1.400000
v -0.600000 -0.500000 -1.400000
v -0.400000 -1.100000 -1.400000
v -0.400000 -0.500000 -1.400000
v -0.200000 -0.500000 -1.400000
v -0.200000 0.000000 -1.399999
v 0.200000 -0.500000 -1.400000
v 0.200000 0.000000 -1.399999
v 0.400000 -1.100000 -1.400000
v 0.400000 -0.500000 -1.400000
v 0.600000 -1.100000 -1.400000
v 0.600000 -0.500000 -1.400000
v -0.400000 -1.100000 -1.500000
v -0.400000 -0.500000 -1.500000
v -0.100000 -1.000000 -1.500000
v -0.100000 -0.700000 -1.500000
v 0.100000 -1.000000 -1.500000
v 0.100000 -0.700000 -1.500000
v 0.400000 -1.100000 -1.500000
v 0.400000 -0.500000 -1.500000
v -0.100000 -1.000000 -1.600000
v -0.100000 -0.900000 -1.600000
v 0.100000 -1.000000 -1.600000
v 0.100000 -0.900000 -1.600000
v -0.100000 -0.900000 -1.700000
v -0.100000 -0.800000 -1.700000
v 0.100000 -0.900000 -1.700000
v 0.100000 -0.800000 -1.700000
v -0.100000 -0.800000 -1.800000
v -0.100000 -0.600000 -1.800000
v 0.100000 -0.800000 -1.800000
v 0.100000 -0.600000 -1.800000
v -0.600000 -2.200000 0.500000
v -0.200000 -2.200000 0.600000
v -0.600000 -2.200000 0.600000
v -0.200000 -2.200000 0.500000
v 0.200000 -2.200000 0.500000
v 0.600000 -2.200000 0.600000
v 0.200000 -2.200000 0.600000
v 0.600000 -2.200000 0.500000
v -0.700000 -2.200000 -0.400000
v -0.100000 -2.200000 0.500000
v -0.700000 -2.200000 0.500000
v -0.100000 -2.200000 -0.400000
v 0.100000 -2.200000 -0.400000
v 0.700000 -2.200000 0.500000
v 0.100000 -2.200000 0.500000
v 0.700000 -2.200000 -0.400000
v -0.700000 -1.600000 0.700000
v 0.700000 -1.600000 0.800000
v -0.700000 -1.600000 0.800000
v 0.700000 -1.600000 0.700000
v -0.600000 -1.600000 0.400000
v -0.800000 -1.600000 0.700000
v 0.800000 -1.600000 0.700000
v -0.200000 -1.600000 0.400000
v 0.200000 -1.600000 0.400000
v 0.600000 -1.600000 0.400000
v -0.600000 -1.600000 -0.300000
v -0.200000 -1.600000 -0.300000
v 0.200000 -1.600000 -0.300000
v 0.600000 -1.600000 -0.300000
v -0.800000 -1.600000 -0.800000
v -0.700000 -1.600000 -0.800000
v 0.700000 -1.600000 -0.800000
v 0.800000 -1.600000 -0.800000
v -0.700000 -1.600000 -0.900000
v 0.700000 -1.600000 -0.900000
v -0.800000 -1.500000 0.700000
v -0.700000 -1.500000 0.800000
v -1.100000 -1.500000 0.800000
v -0.700000 -1.500000 0.700000
v 0.700000 -1.500000 0.700000
v 1.200000 -1.500000 0.800000
v 0.700000 -1.500000 0.800000
v 0.800000 -1.500000 0.700000
v -1.100000 -1.500000 -0.800000
v -0.800000 -1.500000 -0.800000
v 0.800000 -1.500000 -0.800000
v 1.200000 -1.500000 -0.800000
v -0.900000 -1.400000 0.800000
v 0.900000 -1.400000 0.900000
v -0.900000 -1.400000 0.900000
v 0.900000 -1.400000 0.800000
v -1.200000 -1.400000 -0.800000
v -1.100000 -1.400000 0.800000
v -1.200000 -1.400000 0.800000
v -1.100000 -1.400000 -0.800000
v -1.100000 -1.400000 -0.900000
v 1.000000 -1.400000 -0.800000
v -0.900000 -1.400000 -0.900000
v 0.900000 -1.400000 -0.900000
v 1.000000 -1.400000 -0.900000
v -0.900000 -1.400000 -1.000000
v 0.900000 -1.400000 -1.000000
v -0.800000 -1.300000 0.900000
v 0.800000 -1.300000 1.000000
v -0.800000 -1.300000 1.000000
v 0.800000 -1.300000 0.900000
v -1.100000 -1.300000 0.800000
v -0.900000 -1.300000 0.900000
v -1.100000 -1.300000 0.900000
v -0.900000 -1.300000 0.800000
v 0.900000 -1.300000 0.800000
v 1.100000 -1.300000 0.900000
v 0.900000 -1.300000 0.900000
v 1.100000 -1.300000 0.800000
v -1.300000 -1.300000 -0.700000
v -1.200000 -1.300000 0.700000
v -1.300000 -1.300000 0.700000
v -1.200000 -1.300000 -0.700000
v 1.200000 -1.300000 -0.700000
v 1.300000 -1.300000 0.700000
v 1.200000 -1.300000 0.700000
v 1.300000 -1.300000 -0.700000
v 1.000000 -1.300000 -0.900000
v 1.100000 -1.300000 -0.800000
v 1.000000 -1.300000 -0.800000
v 1.100000 -1.300000 -0.900000
v -0.900000 -1.300000 -1.100000
v 0.900000 -1.300000 -1.000000
v -0.900000 -1.300000 -1.000000
v -0.800000 -1.300000 -1.100000
v 0.800000 -1.300000 -1.100000
v 0.900000 -1.300000 -1.100000
v -0.800000 -1.300000 -1.200000
v 0.800000 -1.300000 -1.200000
v -0.800000 -1.200000 1.000000
v 0.800000 -1.200000 1.100000
v -0.800000 -1.200000 1.100000
v 0.800000 -1.200000 1.000000
v -0.900000 -1.200000 0.900000
v -0.900000 -1.200000 1.000000
v -0.800000 -1.200000 0.900000
v 0.800000 -1.200000 0.900000
v 0.900000 -1.200000 1.000000
v 0.900000 -1.200000 0.900000
v -1.400000 -1.200000 -0.700000
v -1.300000 -1.200000 0.500000
v -1.400000 -1.200000 0.500000
v -1.300000 -1.200000 -0.700000
v 1.300000 -1.200000 -0.700000
v 1.400000 -1.200000 0.500000
v 1.300000 -1.200000 0.500000
v 1.400000 -1.200000 -0.700000
v -0.600000 -1.100000 -1.400000
v 0.600000 -1.100000 -1.200000
v -0.600000 -1.100000 -1.200000
v -0.400000 -1.100000 -1.400000
v 0.400000 -1.100000 -1.400000
v 0.600000 -1.100000 -1.400000
v -0.400000 -1.100000 -1.500000
v 0.400000 -1.100000 -1.500000
v -0.600000 -1.000000 1.100000
v 0.600000 -1.000000 1.200000
v -0.600000 -1.000000 1.200000
v 0.600000 -1.000000 1.100000
v -0.100000 -1.000000 -1.600000
v 0.100000 -1.000000 -1.500000
v -0.100000 -1.000000 -1.500000
v 0.100000 -1.000000 -1.600000
v -0.100000 -0.900000 -1.700000
v 0.100000 -0.900000 -1.600000
v -0.100000 -0.900000 -1.600000
v 0.100000 -0.900000 -1.700000
v -0.100000 -0.800000 -1.800000
v 0.100000 -0.800000 -1.700000
v -0.100000 -0.800000 -1.700000
v 0.100000 -0.800000 -1.800000
v -0.400000 -0.700000 1.200000
v 0.400000 -0.700000 1.400000
v -0.400000 -0.700000 1.400000
v 0.400000 -0.700000 1.200000
v -0.400000 -0.600000 1.400000
v -0.200000 -0.600000 1.500000
v -0.400000 -0.600000 1.500000
v -0.200000 -0.600000 1.400000
v 0.200000 -0.600000 1.500000
v 0.200000 -0.600000 1.400000
v 0.400000 -0.600000 1.500000
v 0.400000 -0.600000 1.400000
v -0.500000 -0.600000 1.300000
v -0.500000 -0.600000 1.400000
v 0.500000 -0.600000 1.300000
v 0.500000 -0.600000 1.400000
v -0.600000 -0.600000 1.200000
v -0.600000 -0.600000 1.300000
v -0.400000 -0.600000 1.200000
v 0.400000 -0.600000 1.200000
v 0.600000 -0.600000 1.300000
v 0.600000 -0.600000 1.200000
v -0.100000 -0.600000 -1.300000
v 0.100000 -0.600000 -1.200000
v -0.100000 -0.600000 -1.200000
v 0.100000 -0.600000 -1.300000
v -0.600000 0.200000 1.200001
v -0.100000 0.200000 1.300000
v -0.600000 0.200000 1.300000
v -0.100000 0.200000 1.200001
v 0.100000 0.200000 1.200001
v 0.600000 0.200000 1.300000
v 0.100000 0.200000 1.300000
v 0.600000 0.200000 1.200001
v -0.700000 0.500000 1.200001
v -0.600000 0.500000 1.300001
v -0.700000 0.500000 1.300001
v -0.600000 0.500000 1.200001
v 0.600000 0.500000 1.200001
v 0.700000 0.500000 1.300001
v 0.600000 0.500000 1.300001
v 0.700000 0.500000 1.200001
v -0.800000 0.600000 1.200001
v -0.700000 0.600000 1.300001
v -0.800000 0.600000 1.300001
v -0.700000 0.600000 1.200001
v 0.700000 0.600000 1.200001
v 0.800000 0.600000 1.300001
v 0.700000 0.600000 1.300001
v 0.800000 0.600000 1.200001
v -0.100000 1.400000 -0.399999
v 0.100000 1.400000 -0.299999
v -0.100000 1.400000 -0.299999
v 0.100000 1.400000 -0.399999
v 0.100000 1.400000 -0.699999
v 0.300000 1.400000 -0.599999
v 0.100000 1.400000 -0.599999
v 0.300000 1.400000 -0.699999
v -0.100000 1.500000 -0.499999
v 0.100000 1.500000 -0.399999
v -0.100000 1.500000 -0.399999
v 0.100000 1.500000 -0.499999
v -0.600000 -2.100000 0.600000
v -0.200000 -2.100000 0.600000
v -0.600000 -2.100000 0.500000
v -0.200000 -2.100000 0.500000
v 0.200000 -2.100000 0.600000
v 0.600000 -2.100000 0.600000
v 0.200000 -2.100000 0.500000
v 0.600000 -2.100000 0.500000
v -0.100000 -2.100000 0.500000
v -0.600000 -2.100000 0.400000
v -0.700000 -2.100000 0.500000
v -0.200000 -2.100000 0.400000
v 0.700000 -2.100000 0.500000
v 0.200000 -2.100000 0.400000
v 0.100000 -2.100000 0.500000
v 0.600000 -2.100000 0.400000
v -0.600000 -2.100000 -0.300000
v -0.200000 -2.100000 -0.300000
v 0.200000 -2.100000 -0.300000
v 0.600000 -2.100000 -0.300000
v -0.700000 -2.100000 -0.400000
v -0.100000 -2.100000 -0.400000
v 0.100000 -2.100000 -0.400000
v 0.700000 -2.100000 -0.400000
v -0.700000 -1.500000 -0.800000
v 0.700000 -1.500000 -0.800000
v -0.700000 -1.500000 -0.900000
v 0.700000 -1.500000 -0.900000
v -0.100000 -1.000000 -1.200000
v 0.100000 -1.000000 -1.200000
v -0.100000 -1.000000 -1.300000
v 0.100000 -1.000000 -1.300000
v -1.400000 -0.700000 0.500000
v -1.300000 -0.700000 0.500000
v -1.400000 -0.700000 -0.700000
v -1.300000 -0.700000 -0.700000
v 1.300000 -0.700000 0.500000
v 1.400000 -0.700000 0.500000
v 1.300000 -0.700000 -0.700000
v 1.400000 -0.700000 -0.700000
v -0.100000 -0.700000 -1.500000
v 0.100000 -0.700000 -1.500000
v -0.100000 -0.700000 -1.600000
v 0.100000 -0.700000 -1.600000
v -1.100000 -0.600000 -0.800000
v -1.000000 -0.600000 -0.800000
v -1.100000 -0.600000 -0.900000
v -1.000000 -0.600000 -0.900000
v -0.100000 -0.600000 -1.600000
v 0.100000 -0.600000 -1.600000
v -0.100000 -0.600000 -1.800000
v 0.100000 -0.600000 -1.800000
v -1.100000 -0.500000 0.900000
v -1.000000 -0.500000 0.900000
v -1.100000 -0.500000 0.800000
v -1.000000 -0.500000 0.800000
v 1.000000 -0.500000 0.900000
v 1.100000 -0.500000 0.900000
v 1.000000 -0.500000 0.800000
v 1.100000 -0.500000 0.800000
v -1.200000 -0.500000 0.800000
v -1.200000 -0.500000 0.700000
v -1.100000 -0.500000 0.700000
v 1.200000 -0.500000 0.800000
v 1.100000 -0.500000 0.700000
v 1.200000 -0.500000 0.700000
v -1.300000 -0.500000 0.700000
v -1.300000 -0.500000 -0.700000
v -1.200000 -0.500000 -0.700000
v 1.300000 -0.500000 0.700000
v 1.200000 -0.500000 -0.700000
v 1.300000 -0.500000 -0.700000
v -1.100000 -0.500000 -0.700000
v -1.200000 -0.500000 -0.800000
v -1.100000 -0.500000 -0.800000
v 1.100000 -0.500000 -0.700000
v 1.100000 -0.500000 -0.800000
v 1.200000 -0.500000 -0.800000
v 1.000000 -0.500000 -0.800000
v 1.000000 -0.500000 -0.899999
v 1.100000 -0.500000 -0.899999
v -0.900000 -0.500000 -1.000000
v -0.800000 -0.500000 -1.000000
v -0.900000 -0.500000 -1.100000
v -0.800000 -0.500000 -1.100000
v 0.800000 -0.500000 -1.000000
v 0.900000 -0.500000 -1.000000
v 0.800000 -0.500000 -1.100000
v 0.900000 -0.500000 -1.100000
v -0.600000 -0.500000 -1.100000
v -0.800000 -0.500000 -1.200000
v -0.600000 -0.500000 -1.200000
v 0.600000 -0.500000 -1.100000
v 0.600000 -0.500000 -1.200000
v 0.800000 -0.500000 -1.200000
v -0.400000 -0.500000 -1.200000
v -0.400000 -0.500000 -1.300000
v 0.400000 -0.500000 -1.200000
v 0.400000 -0.500000 -1.300000
v -0.200000 -0.500000 -1.300000
v -0.600000 -0.500000 -1.400000
v -0.400000 -0.500000 -1.400000
v -0.200000 -0.500000 -1.400000
v 0.200000 -0.500000 -1.300000
v 0.200000 -0.500000 -1.400000
v 0.400000 -0.500000 -1.400000
v 0.600000 -0.500000 -1.400000
v -0.400000 -0.500000 -1.500000
v 0.400000 -0.500000 -1.500000
v -0.400000 -0.200000 1.500000
v -0.300000 -0.200000 1.500000
v -0.400000 -0.200000 1.400000
v -0.300000 -0.200000 1.400000
v 0.300000 -0.200000 1.500000
v 0.400000 -0.200000 1.500000
v 0.300000 -0.200000 1.400000
v 0.400000 -0.200000 1.400000
v -0.600000 -0.200000 1.300000
v -0.500000 -0.200000 1.300000
v -0.600000 -0.200000 1.200001
v -0.500000 -0.200000 1.200001
v 0.500000 -0.200000 1.300000
v 0.600000 -0.200000 1.300000
v 0.500000 -0.200000 1.200001
v 0.600000 -0.200000 1.200001
v -0.300000 -0.100000 1.500000
v 0.300000 -0.100000 1.500000
v -0.300000 -0.100000 1.400000
v 0.300000 -0.100000 1.400000
v -0.500000 -0.100000 1.400000
v -0.400000 -0.100000 1.400000
v -0.500000 -0.100000 1.300000
v -0.400000 -0.100000 1.300000
v 0.400000 -0.100000 1.400000
v 0.500000 -0.100000 1.400000
v 0.400000 -0.100000 1.300000
v 0.500000 -0.100000 1.300000
v -0.400000 -0.000000 1.400000
v 0.400000 -0.000000 1.400000
v -0.400000 -0.000000 1.300000
v 0.400000 -0.000000 1.300000
v -0.500000 -0.000000 1.300000
v -0.500000 -0.000000 1.200001
v -0.400000 -0.000000 1.200001
v 0.500000 -0.000000 1.300000
v 0.400000 -0.000000 1.200001
v 0.500000 -0.000000 1.200001
v -0.200000 0.000000 -1.299999
v 0.200000 0.000000 -1.299999
v -0.200000 0.000000 -1.399999
v 0.200000 0.000000 -1.399999
v -0.400000 0.100000 1.300000
v 0.400000 0.100000 1.300000
v -0.400000 0.100000 1.200001
v 0.400000 0.100000 1.200001
v -0.400000 0.400000 -1.199999
v 0.400000 0.400000 -1.199999
v -0.400000 0.400000 -1.299999
v 0.400000 0.400000 -1.299999
v -0.500000 0.700000 1.300001
v -0.100000 0.700000 1.300001
v -0.500000 0.700000 1.200001
v -0.100000 0.700000 1.200001
v 0.100000 0.700000 1.300001
v 0.500000 0.700000 1.300001
v 0.100000 0.700000 1.200001
v 0.500000 0.700000 1.200001
v -0.600000 0.700000 -1.099999
v 0.600000 0.700000 -1.099999
v -0.600000 0.700000 -1.199999
v 0.600000 0.700000 -1.199999
v -0.800000 0.800000 1.300001
v -0.500000 0.800000 1.300001
v -0.800000 0.800000 1.200001
v -0.600000 0.800000 1.200001
v -0.500000 0.800000 1.200001
v 0.500000 0.800000 1.300001
v 0.800000 0.800000 1.300001
v 0.500000 0.800000 1.200001
v 0.600000 0.800000 1.200001
v 0.800000 0.800000 1.200001
v -0.600000 0.800000 1.100001
v 0.600000 0.800000 1.100001
v -1.200000 0.800000 0.700001
v -1.100000 0.800000 0.700001
v -1.200000 0.800000 -0.699999
v -1.100000 0.800000 -0.699999
v 1.100000 0.800000 0.700001
v 1.200000 0.800000 0.700001
v 1.100000 0.800000 -0.699999
v 1.200000 0.800000 -0.699999
v -0.800000 0.900000 1.100001
v 0.800000 0.900000 1.100001
v -0.800000 0.900000 1.000001
v 0.800000 0.900000 1.000001
v -0.900000 0.900000 1.000001
v -0.900000 0.900000 0.900001
v -0.800000 0.900000 0.900001
v 0.900000 0.900000 1.000001
v 0.800000 0.900000 0.900001
v 0.900000 0.900000 0.900001
v -1.100000 0.900000 0.800001
v -1.000000 0.900000 0.800001
v -1.100000 0.900000 -0.799999
v -1.000000 0.900000 -0.799999
v 1.000000 0.900000 0.800001
v 1.100000 0.900000 0.800001
v 1.000000 0.900000 -0.799999
v 1.100000 0.900000 -0.799999
v -0.900000 0.900000 -0.899999
v -0.800000 0.900000 -0.899999
v -0.900000 0.900000 -0.999999
v -0.800000 0.900000 -0.999999
v 0.800000 0.900000 -0.899999
v 0.900000 0.900000 -0.899999
v 0.800000 0.900000 -0.999999
v 0.900000 0.900000 -0.999999
v -0.800000 0.900000 -1.099999
v 0.800000 0.900000 -1.099999
v -0.800000 1.000000 1.000001
v 0.800000 1.000000 1.000001
v -0.800000 1.000000 0.900001
v 0.800000 1.000000 0.900001
v -1.000000 1.000000 0.900001
v -0.900000 1.000000 0.900001
v -1.000000 1.000000 -0.899999
v -0.900000 1.000000 -0.899999
v 0.900000 1.000000 0.900001
v 1.000000 1.000000 0.900001
v 0.900000 1.000000 -0.899999
v 1.000000 1.000000 -0.899999
v -0.800000 1.000000 -0.899999
v 0.800000 1.000000 -0.899999
v -0.800000 1.000000 -0.999999
v 0.800000 1.000000 -0.999999
v -0.900000 1.100000 0.900001
v 0.900000 1.100000 0.900001
v -0.800000 1.100000 0.800001
v 0.800000 1.100000 0.800001
v -0.800000 1.100000 -0.799999
v 0.800000 1.100000 -0.799999
v -0.900000 1.100000 -0.899999
v 0.900000 1.100000 -0.899999
v -0.800000 1.200000 0.800001
v 0.800000 1.200000 0.800001
v -0.700000 1.200000 0.700001
v 0.700000 1.200000 0.700001
v -0.700000 1.200000 -0.699999
v 0.700000 1.200000 -0.699999
v -0.800000 1.200000 -0.799999
v 0.800000 1.200000 -0.799999
v -0.700000 1.300000 0.700001
v 0.700000 1.300000 0.700001
v -0.100000 1.300000 0.200001
v 0.100000 1.300000 0.200001
v 0.100000 1.300000 -0.099999
v 0.300000 1.300000 -0.099999
v -0.100000 1.300000 -0.299999
v 0.100000 1.300000 -0.299999
v 0.100000 1.300000 -0.599999
v 0.300000 1.300000 -0.599999
v -0.700000 1.300000 -0.699999
v 0.700000 1.300000 -0.699999
v -0.100000 1.400000 0.200001
v 0.100000 1.400000 0.200001
v -0.100000 1.400000 0.100001
v 0.100000 1.400000 0.100001
v 0.100000 1.400000 -0.099999
v 0.300000 1.400000 -0.099999
v 0.100000 1.400000 -0.199999
v 0.300000 1.400000 -0.199999
v -0.100000 1.500000 0.100001
v 0.100000 1.500000 0.100001
v -0.100000 1.500000 0.000001
v 0.100000 1.500000 0.000001
v 0.100000 1.600000 -0.199999
v 0.300000 1.600000 -0.199999
v 0.100000 1.600000 -0.499999
v 0.100000 1.600000 -0.699999
v 0.300000 1.600000 -0.699999
v -0.100000 1.700000 0.000001
v 0.100000 1.700000 0.000001
v -0.100000 1.700000 -0.499999
v 0.100000 1.700000 -0.499999
vt 0.091797 0.500000
vt 0.091797 0.500000
vt 0.091797 0.500000
vt 0.091797 0.500000
vt 0.091797 0.500000
vt 0.091797 0.500000
vt 0.091797 0.500000
vt 0.091797 0.500000
vt 0.091797 0.500000
vt 0.091797 0.500000
vt 0.091797 0.500000
vt 0.091797 0.500000
vt 0.091797 0.500000
vt 0.091797 0.500000
vt 0.091797 0.500000
vt 0.091797 0.500000
vt 0.091797 0.500000
vt 0.091797 0.500000
vt 0.091797 0.500000
vt 0.091797 0.500000
vt 0.841797 0.500000
vt 0.841797 0.500000
vt 0.841797 0.500000
vt 0.841797 0.500000
vt 0.091797 0.500000
vt 0.091797 0.500000
vt 0.091797 0.500000
vt 0.091797 0.500000
vt 0.091797 0.500000
vt 0.091797 0.500000
vt 0.091797 0.500000
vt 0.091797 0.500000
vt 0.091797 0.500000
vt 0.091797 0.500000
vt 0.091797 0.500000
vt 0.841797 0.500000
vt 0.841797 0.500000
vt 0.841797 0.500000
vt 0.841797 0.500000
vt 0.841797 0.500000
vt 0.841797 0.500000
vt 0.841797 0.500000
vt 0.841797 0.500000
vt 0.091797 0.500000
vt 0.091797 0.500000
vt 0.091797 0.500000
vt 0.091797 0.500000
vt 0.841797 0.500000
vt 0.841797 0.500000
vt 0.841797 0.500000
vt 0.841797 0.500000
vt 0.841797 0.500000
vt 0.841797 0.500000
vt 0.841797 0.500000
vt 0.841797 0.500000
vt 0.091797 0.500000
vt 0.091797 0.500000
vt 0.091797 0.500000
vt 0.091797 0.500000
vt 0.091797 0.500000
vt 0.091797 0.500000
vt 0.091797 0.500000
vt 0.091797 0.500000
vt 0.091797 0.500000
vt 0.091797 0.500000
vt 0.091797 0.500000
vt 0.091797 0.500000
vt 0.091797 0.500000
vt 0.091797 0.500000
vt 0.091797 0.500000
vt 0.841797 0.500000
vt 0.841797 0.500000
vt 0.841797 0.500000
vt 0.841797 0.500000
vt 0.841797 0.500000
vt 0.841797 0.500000
vt 0.841797 0.500000
vt 0.841797 0.500000
vt 0.841797 0.500000
vt 0.841797 0.500000
vt 0.841797 0.500000
vt 0.841797 0.500000
vt 0.869141 0.500000
vt 0.869141 0.500000
vt 0.869141 0.500000
vt 0.869141 0.500000
vt 0.091797 0.500000
vt 0.091797 0.500000
vt 0.091797 0.500000
vt 0.091797 0.500000
vt 0.091797 0.500000
vt 0.091797 0.500000
vt 0.091797 0.500000
vt 0.091797 0.500000
vt 0.091797 0.500000
vt 0.091797 0.500000
vt 0.091797 0.500000
vt 0.537109 0.500000
vt 0.537109 0.500000
vt 0.537109 0.500000
vt 0.537109 0.500000
vt 0.841797 0.500000
vt 0.841797 0.500000
vt 0.841797 0.500000
vt 0.841797 0.500000
vt 0.841797 0.500000
vt 0.841797 0.500000
vt 0.841797 0.500000
vt 0.841797 0.500000
vt 0.841797 0.500000
vt 0.841797 0.500000
vt 0.841797 0.500000
vt 0.841797 0.500000
vt 0.841797 0.500000
vt 0.841797 0.500000
vt 0.841797 0.500000
vt 0.841797 0.500000
vt 0.841797 0.500000
vt 0.841797 0.500000
vt 0.869141 0.500000
vt 0.869141 0.500000
vt 0.869141 0.500000
vt 0.869141 0.500000
vt 0.869141 0.500000
vt 0.869141 0.500000
vt 0.869141 0.500000
vt 0.869141 0.500000
vt 0.869141 0.500000
vt 0.869141 0.500000
vt 0.869141 0.500000
vt 0.869141 0.500000
vt 0.537109 0.500000
vt 0.537109 0.500000
vt 0.537109 0.500000
vt 0.537109 0.500000
vt 0.841797 0.500000
vt 0.841797 0.500000
vt 0.841797 0.500000
vt 0.841797 0.500000
vt 0.869141 0.500000
vt 0.869141 0.500000
vt 0.869141 0.500000
vt 0.869141 0.500000
vt 0.869141 0.500000
vt 0.869141 0.500000
vt 0.869141 0.500000
vt 0.869141 0.500000
vt 0.091797 0.500000
vt 0.091797 0.500000
vt 0.091797 0.500000
vt 0.021484 0.500000
vt 0.021484 0.500000
vt 0.021484 0.500000
vt 0.091797 0.500000
vt 0.021484 0.500000
vt 0.091797 0.500000
vt 0.091797 0.500000
vt 0.091797 0.500000
vt 0.091797 0.500000
vt 0.091797 0.500000
vt 0.537109 0.500000
vt 0.537109 0.500000
vt 0.537109 0.500000
vt 0.841797 0.500000
vt 0.841797 0.500000
vt 0.841797 0.500000
vt 0.537109 0.500000
vt 0.021484 0.500000
vt 0.021484 0.500000
vt 0.021484 0.500000
vt 0.841797 0.500000
vt 0.021484 0.500000
vt 0.841797 0.500000
vt 0.958984 0.500000
vt 0.958984 0.500000
vt 0.958984 0.500000
vt 0.841797 0.500000
vt 0.958984 0.500000
vt 0.841797 0.500000
vt 0.841797 0.500000
vt 0.841797 0.500000
vt 0.841797 0.500000
vt 0.841797 0.500000
vt 0.841797 0.500000
vt 0.021484 0.500000
vt 0.021484 0.500000
vt 0.021484 0.500000
vt 0.021484 0.500000
vt 0.537109 0.500000
vt 0.537109 0.500000
vt 0.537109 0.500000
vt 0.537109 0.500000
vt 0.021484 0.500000
vt 0.021484 0.500000
vt 0.021484 0.500000
vt 0.021484 0.500000
vt 0.021484 0.500000
vt 0.021484 0.500000
vt 0.021484 0.500000
vt 0.021484 0.500000
vt 0.021484 0.500000
vt 0.021484 0.500000
vt 0.021484 0.500000
vt 0.021484 0.500000
vt 0.021484 0.500000
vt 0.021484 0.500000
vt 0.021484 0.500000
vt 0.091797 0.500000
vt 0.091797 0.500000
vt 0.091797 0.500000
vt 0.091797 0.500000
vt 0.537109 0.500000
vt 0.537109 0.500000
vt 0.537109 0.500000
vt 0.537109 0.500000
vt 0.021484 0.500000
vt 0.021484 0.500000
vt 0.021484 0.500000
vt 0.021484 0.500000
vt 0.021484 0.500000
vt 0.021484 0.500000
vt 0.021484 0.500000
vt 0.021484 0.500000
vt 0.021484 0.500000
vt 0.021484 0.500000
vt 0.021484 0.500000
vt 0.841797 0.500000
vt 0.841797 0.500000
vt 0.841797 0.500000
vt 0.841797 0.500000
vt 0.021484 0.500000
vt 0.021484 0.500000
vt 0.021484 0.500000
vt 0.021484 0.500000
vt 0.841797 0.500000
vt 0.841797 0.500000
vt 0.841797 0.500000
vt 0.841797 0.500000
vt 0.869141 0.500000
vt 0.869141 0.500000
vt 0.869141 0.500000
vt 0.869141 0.500000
vt 0.869141 0.500000
vt 0.869141 0.500000
vt 0.869141 0.500000
vt 0.869141 0.500000
vt 0.869141 0.500000
vt 0.869141 0.500000
vt 0.841797 0.500000
vt 0.841797 0.500000
vt 0.841797 0.500000
vt 0.841797 0.500000
vt 0.841797 0.500000
vt 0.841797 0.500000
vt 0.841797 0.500000
vt 0.841797 0.500000
vt 0.841797 0.500000
vt 0.841797 0.500000
vt 0.841797 0.500000
vt 0.841797 0.500000
vt 0.869141 0.500000
vt 0.869141 0.500000
vt 0.869141 0.500000
vt 0.869141 0.500000
vt 0.091797 0.500000
vt 0.091797 0.500000
vt 0.091797 0.500000
vt 0.091797 0.500000
vt 0.958984 0.500000
vt 0.958984 0.500000
vt 0.958984 0.500000
vt 0.958984 0.500000
vt 0.537109 0.500000
vt 0.537109 0.500000
vt 0.537109 0.500000
vt 0.537109 0.500000
vt 0.841797 0.500000
vt 0.841797 0.500000
vt 0.841797 0.500000
vt 0.841797 0.500000
vt 0.841797 0.500000
vt 0.841797 0.500000
vt 0.841797 0.500000
vt 0.841797 0.500000
vt 0.841797 0.500000
vt 0.841797 0.500000
vt 0.869141 0.500000
vt 0.869141 0.500000
vt 0.869141 0.500000
vt 0.869141 0.500000
vt 0.869141 0.500000
vt 0.869141 0.500000
vt 0.869141 0.500000
vt 0.869141 0.500000
vt 0.537109 0.500000
vt 0.537109 0.500000
vt 0.537109 0.500000
vt 0.537109 0.500000
vt 0.537109 0.500000
vt 0.537109 0.500000
vt 0.537109 0.500000
vt 0.537109 0.500000
vt 0.869141 0.500000
vt 0.869141 0.500000
vt 0.869141 0.500000
vt 0.869141 0.500000
vt 0.869141 0.500000
vt 0.869141 0.500000
vt 0.869141 0.500000
vt 0.869141 0.500000
vt 0.869141 0.500000
vt 0.869141 0.500000
vt 0.869141 0.500000
vt 0.869141 0.500000
vt 0.091797 0.500000
vt 0.091797 0.500000
vt 0.091797 0.500000
vt 0.091797 0.500000
vt 0.958984 0.500000
vt 0.958984 0.500000
vt 0.958984 0.500000
vt 0.958984 0.500000
vt 0.537109 0.500000
vt 0.537109 0.500000
vt 0.537109 0.500000
vt 0.537109 0.500000
vt 0.869141 0.500000
vt 0.869141 0.500000
vt 0.869141 0.500000
vt 0.869141 0.500000
vt 0.869141 0.500000
vt 0.869141 0.500000
vt 0.869141 0.500000
vt 0.869141 0.500000
vt 0.869141 0.500000
vt 0.869141 0.500000
vt 0.841797 0.500000
vt 0.841797 0.500000
vt 0.841797 0.500000
vt 0.841797 0.500000
vt 0.841797 0.500000
vt 0.841797 0.500000
vt 0.841797 0.500000
vt 0.841797 0.500000
vt 0.841797 0.500000
vt 0.841797 0.500000
vt 0.841797 0.500000
vt 0.841797 0.500000
vt 0.841797 0.500000
vt 0.841797 0.500000
vt 0.841797 0.500000
vt 0.841797 0.500000
vt 0.021484 0.500000
vt 0.021484 0.500000
vt 0.021484 0.500000
vt 0.021484 0.500000
vt 0.841797 0.500000
vt 0.841797 0.500000
vt 0.841797 0.500000
vt 0.841797 0.500000
vt 0.841797 0.500000
vt 0.841797 0.500000
vt 0.841797 0.500000
vt 0.841797 0.500000
vt 0.021484 0.500000
vt 0.021484 0.500000
vt 0.021484 0.500000
vt 0.021484 0.500000
vt 0.021484 0.500000
vt 0.021484 0.500000
vt 0.021484 0.500000
vt 0.091797 0.500000
vt 0.091797 0.500000
vt 0.091797 0.500000
vt 0.091797 0.500000
vt 0.537109 0.500000
vt 0.537109 0.500000
vt 0.537109 0.500000
vt 0.537109 0.500000
vt 0.021484 0.500000
vt 0.021484 0.500000
vt 0.021484 0.500000
vt 0.021484 0.500000
vt 0.021484 0.500000
vt 0.021484 0.500000
vt 0.021484 0.500000
vt 0.021484 0.500000
vt 0.021484 0.500000
vt 0.021484 0.500000
vt 0.021484 0.500000
vt 0.841797 0.500000
vt 0.841797 0.500000
vt 0.841797 0.500000
vt 0.841797 0.500000
vt 0.021484 0.500000
vt 0.021484 0.500000
vt 0.021484 0.500000
vt 0.021484 0.500000
vt 0.537109 0.500000
vt 0.537109 0.500000
vt 0.537109 0.500000
vt 0.537109 0.500000
vt 0.021484 0.500000
vt 0.021484 0.500000
vt 0.021484 0.500000
vt 0.021484 0.500000
vt 0.021484 0.500000
vt 0.021484 0.500000
vt 0.021484 0.500000
vt 0.021484 0.500000
vt 0.869141 0.500000
vt 0.869141 0.500000
vt 0.869141 0.500000
vt 0.869141 0.500000
vt 0.869141 0.500000
vt 0.869141 0.500000
vt 0.869141 0.500000
vt 0.869141 0.500000
vt 0.091797 0.500000
vt 0.091797 0.500000
vt 0.091797 0.500000
vt 0.021484 0.500000
vt 0.021484 0.500000
vt 0.021484 0.500000
vt 0.091797 0.500000
vt 0.021484 0.500000
vt 0.091797 0.500000
vt 0.091797 0.500000
vt 0.091797 0.500000
vt 0.091797 0.500000
vt 0.091797 0.500000
vt 0.537109 0.500000
vt 0.537109 0.500000
vt 0.537109 0.500000
vt 0.841797 0.500000
vt 0.841797 0.500000
vt 0.841797 0.500000
vt 0.537109 0.500000
vt 0.021484 0.500000
vt 0.021484 0.500000
vt 0.021484 0.500000
vt 0.841797 0.500000
vt 0.021484 0.500000
vt 0.841797 0.500000
vt 0.958984 0.500000
vt 0.958984 0.500000
vt 0.958984 0.500000
vt 0.841797 0.500000
vt 0.958984 0.500000
vt 0.841797 0.500000
vt 0.841797 0.500000
vt 0.841797 0.500000
vt 0.841797 0.500000
vt 0.841797 0.500000
vt 0.841797 0.500000
vt 0.869141 0.500000
vt 0.869141 0.500000
vt 0.869141 0.500000
vt 0.869141 0.500000
vt 0.869141 0.500000
vt 0.869141 0.500000
vt 0.869141 0.500000
vt 0.869141 0.500000
vt 0.869141 0.500000
vt 0.869141 0.500000
vt 0.869141 0.500000
vt 0.869141 0.500000
vt 0.537109 0.500000
vt 0.537109 0.500000
vt 0.537109 0.500000
vt 0.537109 0.500000
vt 0.841797 0.500000
vt 0.841797 0.500000
vt 0.841797 0.500000
vt 0.841797 0.500000
vt 0.869141 0.500000
vt 0.869141 0.500000
vt 0.869141 0.500000
vt 0.869141 0.500000
vt 0.091797 0.500000
vt 0.091797 0.500000
vt 0.091797 0.500000
vt 0.091797 0.500000
vt 0.091797 0.500000
vt 0.091797 0.500000
vt 0.091797 0.500000
vt 0.091797 0.500000
vt 0.091797 0.500000
vt 0.091797 0.500000
vt 0.091797 0.500000
vt 0.537109 0.500000
vt 0.537109 0.500000
vt 0.537109 0.500000
vt 0.537109 0.500000
vt 0.841797 0.500000
vt 0.841797 0.500000
vt 0.841797 0.500000
vt 0.841797 0.500000
vt 0.841797 0.500000
vt 0.841797 0.500000
vt 0.841797 0.500000
vt 0.841797 0.500000
vt 0.841797 0.500000
vt 0.841797 0.500000
vt 0.841797 0.500000
vt 0.841797 0.500000
vt 0.841797 0.500000
vt 0.841797 0.500000
vt 0.841797 0.500000
vt 0.841797 0.500000
vt 0.841797 0.500000
vt 0.841797 0.500000
vt 0.091797 0.500000
vt 0.091797 0.500000
vt 0.091797 0.500000
vt 0.091797 0.500000
vt 0.091797 0.500000
vt 0.091797 0.500000
vt 0.091797 0.500000
vt 0.091797 0.500000
vt 0.091797 0.500000
vt 0.091797 0.500000
vt 0.091797 0.500000
vt 0.091797 0.500000
vt 0.091797 0.500000
vt 0.091797 0.500000
vt 0.091797 0.500000
vt 0.841797 0.500000
vt 0.841797 0.500000
vt 0.841797 0.500000
vt 0.841797 0.500000
vt 0.841797 0.500000
vt 0.841797 0.500000
vt 0.841797 0.500000
vt 0.841797 0.500000
vt 0.841797 0.500000
vt 0.841797 0.500000
vt 0.841797 0.500000
vt 0.841797 0.500000
vt 0.091797 0.500000
vt 0.091797 0.500000
vt 0.091797 0.500000
vt 0.091797 0.500000
vt 0.841797 0.500000
vt 0.841797 0.500000
vt 0.841797 0.500000
vt 0.841797 0.500000
vt 0.841797 0.500000
vt 0.841797 0.500000
vt 0.841797 0.500000
vt 0.841797 0.500000
vt 0.091797 0.500000
vt 0.091797 0.500000
vt 0.091797 0.500000
vt 0.091797 0.500000
vt 0.091797 0.500000
vt 0.091797 0.500000
vt 0.091797 0.500000
vt 0.091797 0.500000
vt 0.841797 0.500000
vt 0.841797 0.500000
vt 0.841797 0.500000
vt 0.841797 0.500000
vt 0.841797 0.500000
vt 0.841797 0.500000
vt 0.841797 0.500000
vt 0.841797 0.500000
vt 0.091797 0.500000
vt 0.091797 0.500000
vt 0.091797 0.500000
vt 0.091797 0.500000
vt 0.091797 0.500000
vt 0.091797 0.500000
vt 0.091797 0.500000
vt 0.091797 0.500000
vt 0.841797 0.500000
vt 0.841797 0.500000
vt 0.841797 0.500000
vt 0.841797 0.500000
vt 0.091797 0.500000
vt 0.091797 0.500000
vt 0.091797 0.500000
vt 0.091797 0.500000
vt 0.091797 0.500000
vt 0.091797 0.500000
vt 0.091797 0.500000
vt 0.091797 0.500000
vt 0.091797 0.500000
vt 0.091797 0.500000
vt 0.091797 0.500000
vt 0.091797 0.500000
vt 0.021484 0.500000
vt 0.021484 0.500000
vt 0.021484 0.500000
vt 0.021484 0.500000
vt 0.021484 0.500000
vt 0.021484 0.500000
vt 0.537109 0.500000
vt 0.537109 0.500000
vt 0.537109 0.500000
vt 0.021484 0.500000
vt 0.021484 0.500000
vt 0.021484 0.500000
vt 0.537109 0.500000
vt 0.537109 0.500000
vt 0.537109 0.500000
vt 0.021484 0.500000
vt 0.537109 0.500000
vt 0.021484 0.500000
vt 0.021484 0.500000
vt 0.021484 0.500000
vt 0.021484 0.500000
vt 0.021484 0.500000
vt 0.537109 0.500000
vt 0.537109 0.500000
vt 0.021484 0.500000
vt 0.021484 0.500000
vt 0.537109 0.500000
vt 0.021484 0.500000
vt 0.021484 0.500000
vt 0.021484 0.500000
vt 0.021484 0.500000
vt 0.537109 0.500000
vt 0.537109 0.500000
vt 0.537109 0.500000
vt 0.021484 0.500000
vt 0.021484 0.500000
vt 0.021484 0.500000
vt 0.021484 0.500000
vt 0.537109 0.500000
vt 0.021484 0.500000
vt 0.021484 0.500000
vt 0.021484 0.500000
vt 0.021484 0.500000
vt 0.021484 0.500000
vt 0.021484 0.500000
vt 0.021484 0.500000
vt 0.021484 0.500000
vt 0.021484 0.500000
vt 0.021484 0.500000
vt 0.021484 0.500000
vt 0.021484 0.500000
vt 0.021484 0.500000
vt 0.021484 0.500000
vt 0.021484 0.500000
vt 0.021484 0.500000
vt 0.021484 0.500000
vt 0.537109 0.500000
vt 0.537109 0.500000
vt 0.537109 0.500000
vt 0.021484 0.500000
vt 0.021484 0.500000
vt 0.021484 0.500000
vt 0.537109 0.500000
vt 0.021484 0.500000
vt 0.537109 0.500000
vt 0.537109 0.500000
vt 0.537109 0.500000
vt 0.537109 0.500000
vt 0.537109 0.500000
vt 0.021484 0.500000
vt 0.021484 0.500000
vt 0.021484 0.500000
vt 0.537109 0.500000
vt 0.537109 0.500000
vt 0.537109 0.500000
vt 0.021484 0.500000
vt 0.021484 0.500000
vt 0.021484 0.500000
vt 0.021484 0.500000
vt 0.537109 0.500000
vt 0.021484 0.500000
vt 0.537109 0.500000
vt 0.537109 0.500000
vt 0.021484 0.500000
vt 0.021484 0.500000
vt 0.021484 0.500000
vt 0.021484 0.500000
vt 0.958984 0.500000
vt 0.958984 0.500000
vt 0.958984 0.500000
vt 0.537109 0.500000
vt 0.958984 0.500000
vt 0.958984 0.500000
vt 0.873047 0.500000
vt 0.873047 0.500000
vt 0.873047 0.500000
vt 0.537109 0.500000
vt 0.873047 0.500000
vt 0.958984 0.500000
vt 0.958984 0.500000
vt 0.537109 0.500000
vt 0.958984 0.500000
vt 0.537109 0.500000
vt 0.958984 0.500000
vt 0.958984 0.500000
vt 0.958984 0.500000
vt 0.537109 0.500000
vt 0.537109 0.500000
vt 0.537109 0.500000
vt 0.958984 0.500000
vt 0.021484 0.500000
vt 0.021484 0.500000
vt 0.021484 0.500000
vt 0.958984 0.500000
vt 0.873047 0.500000
vt 0.873047 0.500000
vt 0.873047 0.500000
vt 0.537109 0.500000
vt 0.873047 0.500000
vt 0.021484 0.500000
vt 0.021484 0.500000
vt 0.021484 0.500000
vt 0.537109 0.500000
vt 0.021484 0.500000
vt 0.021484 0.500000
vt 0.021484 0.500000
vt 0.537109 0.500000
vt 0.537109 0.500000
vt 0.537109 0.500000
vt 0.021484 0.500000
vt 0.021484 0.500000
vt 0.021484 0.500000
vt 0.021484 0.500000
vt 0.537109 0.500000
vt 0.021484 0.500000
vt 0.958984 0.500000
vt 0.958984 0.500000
vt 0.537109 0.500000
vt 0.958984 0.500000
vt 0.537109 0.500000
vt 0.537109 0.500000
vt 0.537109 0.500000
vt 0.537109 0.500000
vt 0.537109 0.500000
vt 0.841797 0.500000
vt 0.841797 0.500000
vt 0.841797 0.500000
vt 0.841797 0.500000
vt 0.091797 0.500000
vt 0.091797 0.500000
vt 0.091797 0.500000
vt 0.091797 0.500000
vt 0.841797 0.500000
vt 0.841797 0.500000
vt 0.841797 0.500000
vt 0.841797 0.500000
vt 0.841797 0.500000
vt 0.841797 0.500000
vt 0.841797 0.500000
vt 0.841797 0.500000
vt 0.841797 0.500000
vt 0.841797 0.500000
vt 0.091797 0.500000
vt 0.841797 0.500000
vt 0.841797 0.500000
vt 0.841797 0.500000
vt 0.841797 0.500000
vt 0.841797 0.500000
vt 0.091797 0.500000
vt 0.091797 0.500000
vt 0.091797 0.500000
vt 0.841797 0.500000
vt 0.841797 0.500000
vt 0.841797 0.500000
vt 0.091797 0.500000
vt 0.091797 0.500000
vt 0.091797 0.500000
vt 0.841797 0.500000
vt 0.841797 0.500000
vt 0.841797 0.500000
vt 0.091797 0.500000
vt 0.841797 0.500000
vt 0.091797 0.500000
vt 0.841797 0.500000
vt 0.091797 0.500000
vt 0.091797 0.500000
vt 0.841797 0.500000
vt 0.841797 0.500000
vt 0.091797 0.500000
vt 0.841797 0.500000
vt 0.091797 0.500000
vt 0.091797 0.500000
vt 0.091797 0.500000
vt 0.841797 0.500000
vt 0.841797 0.500000
vt 0.841797 0.500000
vt 0.091797 0.500000
vt 0.841797 0.500000
vt 0.091797 0.500000
vt 0.091797 0.500000
vt 0.091797 0.500000
vt 0.841797 0.500000
vt 0.841797 0.500000
vt 0.841797 0.500000
vt 0.091797 0.500000
vt 0.091797 0.500000
vt 0.841797 0.500000
vt 0.841797 0.500000
vt 0.091797 0.500000
vt 0.841797 0.500000
vt 0.091797 0.500000
vt 0.091797 0.500000
vt 0.091797 0.500000
vt 0.091797 0.500000
vt 0.091797 0.500000
vt 0.841797 0.500000
vt 0.841797 0.500000
vt 0.841797 0.500000
vt 0.091797 0.500000
vt 0.841797 0.500000
vt 0.841797 0.500000
vt 0.091797 0.500000
vt 0.091797 0.500000
vt 0.091797 0.500000
vt 0.841797 0.500000
vt 0.841797 0.500000
vt 0.841797 0.500000
vt 0.091797 0.500000
vt 0.841797 0.500000
vt 0.091797 0.500000
vt 0.091797 0.500000
vt 0.091797 0.500000
vt 0.091797 0.500000
vt 0.841797 0.500000
vt 0.841797 0.500000
vt 0.841797 0.500000
vt 0.841797 0.500000
vt 0.091797 0.500000
vt 0.091797 0.500000
vt 0.841797 0.500000
vt 0.841797 0.500000
vt 0.841797 0.500000
vt 0.091797 0.500000
vt 0.091797 0.500000
vt 0.091797 0.500000
vt 0.091797 0.500000
vt 0.091797 0.500000
vt 0.091797 0.500000
vt 0.091797 0.500000
vt 0.841797 0.500000
vt 0.841797 0.500000
vt 0.841797 0.500000
vt 0.841797 0.500000
vt 0.091797 0.500000
vt 0.091797 0.500000
vt 0.091797 0.500000
vt 0.091797 0.500000
vt 0.869141 0.500000
vt 0.869141 0.500000
vt 0.869141 0.500000
vt 0.091797 0.500000
vt 0.869141 0.500000
vt 0.841797 0.500000
vt 0.841797 0.500000
vt 0.841797 0.500000
vt 0.841797 0.500000
vt 0.091797 0.500000
vt 0.091797 0.500000
vt 0.091797 0.500000
vt 0.841797 0.500000
vt 0.841797 0.500000
vt 0.841797 0.500000
vt 0.841797 0.500000
vt 0.091797 0.500000
vt 0.091797 0.500000
vt 0.091797 0.500000
vt 0.091797 0.500000
vt 0.091797 0.500000
vt 0.091797 0.500000
vt 0.091797 0.500000
vt 0.841797 0.500000
vt 0.841797 0.500000
vt 0.841797 0.500000
vt 0.841797 0.500000
vt 0.869141 0.500000
vt 0.869141 0.500000
vt 0.869141 0.500000
vt 0.869141 0.500000
vt 0.841797 0.500000
vt 0.841797 0.500000
vt 0.841797 0.500000
vt 0.841797 0.500000
vt 0.869141 0.500000
vt 0.869141 0.500000
vt 0.869141 0.500000
vt 0.869141 0.500000
vt 0.841797 0.500000
vt 0.841797 0.500000
vt 0.841797 0.500000
vt 0.841797 0.500000
vt 0.091797 0.500000
vt 0.091797 0.500000
vt 0.091797 0.500000
vt 0.091797 0.500000
vt 0.869141 0.500000
vt 0.869141 0.500000
vt 0.869141 0.500000
vt 0.869141 0.500000
vt 0.869141 0.500000
vt 0.869141 0.500000
vt 0.869141 0.500000
vt 0.869141 0.500000
vt 0.091797 0.500000
vt 0.091797 0.500000
vt 0.091797 0.500000
vt 0.091797 0.500000
vt 0.869141 0.500000
vt 0.869141 0.500000
vt 0.869141 0.500000
vt 0.869141 0.500000
vt 0.869141 0.500000
vt 0.869141 0.500000
vt 0.869141 0.500000
vt 0.869141 0.500000
vt 0.869141 0.500000
vt 0.869141 0.500000
vt 0.869141 0.500000
vt 0.869141 0.500000
vt 0.869141 0.500000
vt 0.869141 0.500000
vt 0.869141 0.500000
vt 0.869141 0.500000
vt 0.091797 0.500000
vt 0.091797 0.500000
vt 0.091797 0.500000
vt 0.091797 0.500000
vt 0.869141 0.500000
vt 0.869141 0.500000
vt 0.869141 0.500000
vt 0.869141 0.500000
vt 0.869141 0.500000
vt 0.869141 0.500000
vt 0.869141 0.500000
vt 0.869141 0.500000
vt 0.841797 0.500000
vt 0.841797 0.500000
vt 0.841797 0.500000
vt 0.841797 0.500000
vt 0.841797 0.500000
vt 0.841797 0.500000
vt 0.841797 0.500000
vt 0.841797 0.500000
vt 0.841797 0.500000
vt 0.841797 0.500000
vt 0.841797 0.500000
vt 0.841797 0.500000
vt 0.841797 0.500000
vt 0.841797 0.500000
vt 0.841797 0.500000
vt 0.841797 0.500000
vt 0.841797 0.500000
vt 0.841797 0.500000
vt 0.841797 0.500000
vt 0.841797 0.500000
vt 0.091797 0.500000
vt 0.091797 0.500000
vt 0.091797 0.500000
vt 0.091797 0.500000
vt 0.869141 0.500000
vt 0.869141 0.500000
vt 0.869141 0.500000
vt 0.869141 0.500000
vt 0.537109 0.500000
vt 0.537109 0.500000
vt 0.537109 0.500000
vt 0.537109 0.500000
vt 0.537109 0.500000
vt 0.537109 0.500000
vt 0.537109 0.500000
vt 0.537109 0.500000
vt 0.537109 0.500000
vt 0.537109 0.500000
vt 0.537109 0.500000
vt 0.537109 0.500000
vt 0.869141 0.500000
vt 0.869141 0.500000
vt 0.869141 0.500000
vt 0.869141 0.500000
vt 0.841797 0.500000
vt 0.841797 0.500000
vt 0.841797 0.500000
vt 0.841797 0.500000
vt 0.869141 0.500000
vt 0.869141 0.500000
vt 0.869141 0.500000
vt 0.869141 0.500000
vt 0.869141 0.500000
vt 0.869141 0.500000
vt 0.869141 0.500000
vt 0.869141 0.500000
vt 0.841797 0.500000
vt 0.841797 0.500000
vt 0.841797 0.500000
vt 0.841797 0.500000
vt 0.869141 0.500000
vt 0.869141 0.500000
vt 0.869141 0.500000
vt 0.869141 0.500000
vt 0.841797 0.500000
vt 0.841797 0.500000
vt 0.841797 0.500000
vt 0.841797 0.500000
vt 0.841797 0.500000
vt 0.841797 0.500000
vt 0.841797 0.500000
vt 0.841797 0.500000
vt 0.841797 0.500000
vt 0.091797 0.500000
vt 0.091797 0.500000
vt 0.091797 0.500000
vt 0.091797 0.500000
vt 0.091797 0.500000
vt 0.091797 0.500000
vt 0.091797 0.500000
vt 0.091797 0.500000
vt 0.841797 0.500000
vt 0.841797 0.500000
vt 0.841797 0.500000
vt 0.841797 0.500000
vt 0.841797 0.500000
vt 0.841797 0.500000
vt 0.841797 0.500000
vt 0.841797 0.500000
vt 0.841797 0.500000
vt 0.841797 0.500000
vt 0.841797 0.500000
vt 0.841797 0.500000
vt 0.841797 0.500000
vt 0.841797 0.500000
vt 0.841797 0.500000
vt 0.841797 0.500000
vt 0.091797 0.500000
vt 0.091797 0.500000
vt 0.091797 0.500000
vt 0.091797 0.500000
vt 0.091797 0.500000
vt 0.091797 0.500000
vt 0.091797 0.500000
vt 0.091797 0.500000
vt 0.091797 0.500000
vt 0.091797 0.500000
vt 0.091797 0.500000
vt 0.091797 0.500000
vt 0.091797 0.500000
vt 0.091797 0.500000
vt 0.841797 0.500000
vt 0.841797 0.500000
vt 0.841797 0.500000
vt 0.091797 0.500000
vt 0.841797 0.500000
vt 0.091797 0.500000
vt 0.091797 0.500000
vt 0.869141 0.500000
vt 0.869141 0.500000
vt 0.869141 0.500000
vt 0.091797 0.500000
vt 0.869141 0.500000
vt 0.091797 0.500000
vt 0.869141 0.500000
vt 0.869141 0.500000
vt 0.869141 0.500000
vt 0.091797 0.500000
vt 0.869141 0.500000
vt 0.841797 0.500000
vt 0.841797 0.500000
vt 0.841797 0.500000
vt 0.841797 0.500000
vt 0.091797 0.500000
vt 0.091797 0.500000
vt 0.091797 0.500000
vt 0.841797 0.500000
vt 0.841797 0.500000
vt 0.841797 0.500000
vt 0.841797 0.500000
vt 0.091797 0.500000
vt 0.091797 0.500000
vt 0.091797 0.500000
vt 0.091797 0.500000
vt 0.091797 0.500000
vt 0.091797 0.500000
vt 0.091797 0.500000
vt 0.091797 0.500000
vt 0.841797 0.500000
vt 0.841797 0.500000
vt 0.841797 0.500000
vt 0.091797 0.500000
vt 0.841797 0.500000
vt 0.841797 0.500000
vt 0.841797 0.500000
vt 0.841797 0.500000
vt 0.841797 0.500000
vt 0.869141 0.500000
vt 0.869141 0.500000
vt 0.869141 0.500000
vt 0.869141 0.500000
vt 0.841797 0.500000
vt 0.841797 0.500000
vt 0.841797 0.500000
vt 0.841797 0.500000
vt 0.841797 0.500000
vt 0.091797 0.500000
vt 0.091797 0.500000
vt 0.091797 0.500000
vt 0.091797 0.500000
vt 0.841797 0.500000
vt 0.841797 0.500000
vt 0.091797 0.500000
vt 0.841797 0.500000
vt 0.091797 0.500000
vt 0.091797 0.500000
vt 0.841797 0.500000
vt 0.841797 0.500000
vt 0.841797 0.500000
vt 0.841797 0.500000
vt 0.841797 0.500000
vt 0.841797 0.500000
vt 0.841797 0.500000
vt 0.091797 0.500000
vt 0.091797 0.500000
vt 0.091797 0.500000
vt 0.091797 0.500000
vt 0.841797 0.500000
vt 0.841797 0.500000
vt 0.841797 0.500000
vt 0.091797 0.500000
vt 0.091797 0.500000
vt 0.091797 0.500000
vt 0.091797 0.500000
vt 0.841797 0.500000
vt 0.841797 0.500000
vt 0.841797 0.500000
vt 0.841797 0.500000
vt 0.841797 0.500000
vt 0.841797 0.500000
vt 0.841797 0.500000
vt 0.841797 0.500000
vt 0.091797 0.500000
vt 0.091797 0.500000
vt 0.091797 0.500000
vt 0.091797 0.500000
vt 0.091797 0.500000
vt 0.091797 0.500000
vt 0.091797 0.500000
vt 0.091797 0.500000
vt 0.841797 0.500000
vt 0.841797 0.500000
vt 0.841797 0.500000
vt 0.841797 0.500000
vt 0.091797 0.500000
vt 0.091797 0.500000
vt 0.091797 0.500000
vt 0.091797 0.500000
vt 0.841797 0.500000
vt 0.091797 0.500000
vt 0.841797 0.500000
vt 0.841797 0.500000
vt 0.841797 0.500000
vt 0.091797 0.500000
vt 0.091797 0.500000
vt 0.091797 0.500000
vt 0.841797 0.500000
vt 0.841797 0.500000
vt 0.841797 0.500000
vt 0.841797 0.500000
vt 0.841797 0.500000
vt 0.841797 0.500000
vt 0.841797 0.500000
vt 0.841797 0.500000
vt 0.091797 0.500000
vt 0.091797 0.500000
vt 0.091797 0.500000
vt 0.091797 0.500000
vt 0.841797 0.500000
vt 0.841797 0.500000
vt 0.841797 0.500000
vt 0.841797 0.500000
vt 0.091797 0.500000
vt 0.091797 0.500000
vt 0.091797 0.500000
vt 0.091797 0.500000
vt 0.091797 0.500000
vt 0.091797 0.500000
vt 0.091797 0.500000
vt 0.091797 0.500000
vt 0.091797 0.500000
vt 0.091797 0.500000
vt 0.091797 0.500000
vt 0.091797 0.500000
vt 0.869141 0.500000
vt 0.869141 0.500000
vt 0.869141 0.500000
vt 0.869141 0.500000
vt 0.869141 0.500000
vt 0.869141 0.500000
vt 0.869141 0.500000
vt 0.869141 0.500000
vt 0.869141 0.500000
vt 0.869141 0.500000
vt 0.869141 0.500000
vt 0.869141 0.500000
vt 0.869141 0.500000
vt 0.869141 0.500000
vt 0.869141 0.500000
vt 0.869141 0.500000
vt 0.869141 0.500000
vt 0.869141 0.500000
vt 0.869141 0.500000
vt 0.869141 0.500000
vt 0.869141 0.500000
vt 0.869141 0.500000
vt 0.869141 0.500000
vt 0.869141 0.500000
vt 0.869141 0.500000
vt 0.869141 0.500000
vt 0.869141 0.500000
vt 0.869141 0.500000
vt 0.869141 0.500000
vt 0.869141 0.500000
vt 0.869141 0.500000
vt 0.869141 0.500000
vt 0.869141 0.500000
vt 0.869141 0.500000
vt 0.869141 0.500000
vt 0.869141 0.500000
vt 0.869141 0.500000
vt 0.869141 0.500000
vt 0.869141 0.500000
vt 0.869141 0.500000
vt 0.869141 0.500000
vt 0.869141 0.500000
vt 0.869141 0.500000
vt 0.869141 0.500000
vt 0.869141 0.500000
vt 0.869141 0.500000
vt 0.869141 0.500000
vt 0.869141 0.500000
vt 0.091797 0.500000
vt 0.091797 0.500000
vt 0.091797 0.500000
vt 0.091797 0.500000
vt 0.091797 0.500000
vt 0.091797 0.500000
vt 0.091797 0.500000
vt 0.091797 0.500000
vt 0.091797 0.500000
vt 0.091797 0.500000
vt 0.091797 0.500000
vt 0.091797 0.500000
vt 0.091797 0.500000
vt 0.091797 0.500000
vt 0.091797 0.500000
vt 0.091797 0.500000
vt 0.091797 0.500000
vt 0.091797 0.500000
vt 0.091797 0.500000
vt 0.091797 0.500000
vt 0.091797 0.500000
vt 0.091797 0.500000
vt 0.091797 0.500000
vt 0.091797 0.500000
vt 0.091797 0.500000
vt 0.091797 0.500000
vt 0.091797 0.500000
vt 0.091797 0.500000
vt 0.091797 0.500000
vt 0.091797 0.500000
vt 0.091797 0.500000
vt 0.091797 0.500000
vt 0.091797 0.500000
vt 0.091797 0.500000
vt 0.091797 0.500000
vt 0.091797 0.500000
vt 0.091797 0.500000
vt 0.091797 0.500000
vt 0.091797 0.500000
vt 0.091797 0.500000
vt 0.091797 0.500000
vt 0.091797 0.500000
vt 0.091797 0.500000
vt 0.091797 0.500000
vt 0.091797 0.500000
vt 0.091797 0.500000
vt 0.091797 0.500000
vt 0.091797 0.500000
vt 0.091797 0.500000
vt 0.091797 0.500000
vt 0.091797 0.500000
vt 0.091797 0.500000
vt 0.091797 0.500000
vt 0.091797 0.500000
vt 0.091797 0.500000
vt 0.091797 0.500000
vt 0.091797 0.500000
vt 0.091797 0.500000
vt 0.091797 0.500000
vt 0.091797 0.500000
vt 0.091797 0.500000
vt 0.091797 0.500000
vt 0.091797 0.500000
vt 0.091797 0.500000
vt 0.091797 0.500000
vt 0.091797 0.500000
vt 0.091797 0.500000
vt 0.091797 0.500000
vt 0.091797 0.500000
vt 0.091797 0.500000
vt 0.091797 0.500000
vt 0.091797 0.500000
vt 0.091797 0.500000
vt 0.091797 0.500000
vt 0.091797 0.500000
vt 0.091797 0.500000
vt 0.091797 0.500000
vt 0.091797 0.500000
vt 0.091797 0.500000
vt 0.091797 0.500000
vt 0.091797 0.500000
vt 0.091797 0.500000
vt 0.091797 0.500000
vt 0.091797 0.500000
vt 0.091797 0.500000
vt 0.091797 0.500000
vt 0.091797 0.500000
vt 0.091797 0.500000
vt 0.091797 0.500000
vt 0.869141 0.500000
vt 0.869141 0.500000
vt 0.869141 0.500000
vt 0.869141 0.500000
vt 0.869141 0.500000
vt 0.869141 0.500000
vt 0.869141 0.500000
vt 0.869141 0.500000
vt 0.869141 0.500000
vt 0.869141 0.500000
vt 0.869141 0.500000
vt 0.869141 0.500000
vt 0.021484 0.500000
vt 0.021484 0.500000
vt 0.021484 0.500000
vt 0.021484 0.500000
vt 0.021484 0.500000
vt 0.021484 0.500000
vt 0.021484 0.500000
vt 0.537109 0.500000
vt 0.537109 0.500000
vt 0.537109 0.500000
vt 0.021484 0.500000
vt 0.021484 0.500000
vt 0.021484 0.500000
vt 0.021484 0.500000
vt 0.537109 0.500000
vt 0.021484 0.500000
vt 0.021484 0.500000
vt 0.021484 0.500000
vt 0.021484 0.500000
vt 0.021484 0.500000
vt 0.021484 0.500000
vt 0.021484 0.500000
vt 0.021484 0.500000
vt 0.021484 0.500000
vt 0.021484 0.500000
vt 0.021484 0.500000
vt 0.091797 0.500000
vt 0.091797 0.500000
vt 0.091797 0.500000
vt 0.091797 0.500000
vt 0.958984 0.500000
vt 0.958984 0.500000
vt 0.958984 0.500000
vt 0.958984 0.500000
vt 0.958984 0.500000
vt 0.958984 0.500000
vt 0.958984 0.500000
vt 0.958984 0.500000
vt 0.537109 0.500000
vt 0.537109 0.500000
vt 0.537109 0.500000
vt 0.537109 0.500000
vt 0.537109 0.500000
vt 0.537109 0.500000
vt 0.537109 0.500000
vt 0.537109 0.500000
vt 0.537109 0.500000
vt 0.537109 0.500000
vt 0.537109 0.500000
vt 0.537109 0.500000
vt 0.537109 0.500000
vt 0.537109 0.500000
vt 0.537109 0.500000
vt 0.537109 0.500000
vt 0.841797 0.500000
vt 0.841797 0.500000
vt 0.841797 0.500000
vt 0.841797 0.500000
vt 0.841797 0.500000
vt 0.841797 0.500000
vt 0.841797 0.500000
vt 0.841797 0.500000
vt 0.841797 0.500000
vt 0.841797 0.500000
vt 0.841797 0.500000
vt 0.841797 0.500000
vt 0.869141 0.500000
vt 0.869141 0.500000
vt 0.869141 0.500000
vt 0.869141 0.500000
vt 0.869141 0.500000
vt 0.869141 0.500000
vt 0.869141 0.500000
vt 0.869141 0.500000
vt 0.869141 0.500000
vt 0.869141 0.500000
vt 0.869141 0.500000
vt 0.869141 0.500000
vt 0.869141 0.500000
vt 0.869141 0.500000
vt 0.869141 0.500000
vt 0.869141 0.500000
vt 0.869141 0.500000
vt 0.869141 0.500000
vt 0.869141 0.500000
vt 0.869141 0.500000
vt 0.869141 0.500000
vt 0.869141 0.500000
vt 0.869141 0.500000
vt 0.869141 0.500000
vt 0.869141 0.500000
vt 0.869141 0.500000
vt 0.869141 0.500000
vt 0.869141 0.500000
vt 0.091797 0.500000
vt 0.091797 0.500000
vt 0.091797 0.500000
vt 0.091797 0.500000
vt 0.091797 0.500000
vt 0.091797 0.500000
vt 0.091797 0.500000
vt 0.091797 0.500000
vt 0.091797 0.500000
vt 0.091797 0.500000
vt 0.091797 0.500000
vt 0.091797 0.500000
vt 0.869141 0.500000
vt 0.869141 0.500000
vt 0.869141 0.500000
vt 0.869141 0.500000
vt 0.091797 0.500000
vt 0.091797 0.500000
vt 0.091797 0.500000
vt 0.091797 0.500000
vt 0.869141 0.500000
vt 0.869141 0.500000
vt 0.869141 0.500000
vt 0.869141 0.500000
vt 0.091797 0.500000
vt 0.091797 0.500000
vt 0.091797 0.500000
vt 0.091797 0.500000
vt 0.091797 0.500000
vt 0.091797 0.500000
vt 0.091797 0.500000
vt 0.091797 0.500000
vt 0.091797 0.500000
vt 0.091797 0.500000
vt 0.091797 0.500000
vt 0.091797 0.500000
vt 0.091797 0.500000
vt 0.091797 0.500000
vt 0.091797 0.500000
vt 0.091797 0.500000
vt 0.091797 0.500000
vt 0.091797 0.500000
vt 0.091797 0.500000
vt 0.091797 0.500000
vt 0.091797 0.500000
vt 0.091797 0.500000
vt 0.091797 0.500000
vt 0.091797 0.500000
vt 0.091797 0.500000
vt 0.091797 0.500000
vt 0.091797 0.500000
vt 0.091797 0.500000
vt 0.091797 0.500000
vt 0.091797 0.500000
vt 0.091797 0.500000
vt 0.091797 0.500000
vt 0.091797 0.500000
vt 0.091797 0.500000
vt 0.091797 0.500000
vt 0.091797 0.500000
vt 0.091797 0.500000
vt 0.091797 0.500000
vt 0.091797 0.500000
vt 0.091797 0.500000
vt 0.091797 0.500000
vt 0.091797 0.500000
vt 0.091797 0.500000
vt 0.091797 0.500000
vt 0.091797 0.500000
vt 0.091797 0.500000
vt 0.091797 0.500000
vt 0.091797 0.500000
vt 0.091797 0.500000
vt 0.091797 0.500000
vt 0.091797 0.500000
vt 0.091797 0.500000
vt 0.091797 0.500000
vt 0.091797 0.500000
vt 0.091797 0.500000
vt 0.091797 0.500000
vt 0.091797 0.500000
vt 0.021484 0.500000
vt 0.021484 0.500000
vt 0.021484 0.500000
vt 0.021484 0.500000
vt 0.021484 0.500000
vt 0.021484 0.500000
vt 0.021484 0.500000
vt 0.021484 0.500000
vt 0.021484 0.500000
vt 0.021484 0.500000
vt 0.021484 0.500000
vt 0.021484 0.500000
vt 0.021484 0.500000
vt 0.021484 0.500000
vt 0.021484 0.500000
vt 0.021484 0.500000
vt 0.021484 0.500000
vt 0.021484 0.500000
vt 0.021484 0.500000
vt 0.021484 0.500000
vt 0.021484 0.500000
vt 0.021484 0.500000
vt 0.021484 0.500000
vt 0.021484 0.500000
vt 0.021484 0.500000
vt 0.021484 0.500000
vt 0.021484 0.500000
vt 0.021484 0.500000
vt 0.021484 0.500000
vt 0.021484 0.500000
vt 0.021484 0.500000
vt 0.021484 0.500000
vt 0.021484 0.500000
vt 0.021484 0.500000
vt 0.021484 0.500000
vt 0.021484 0.500000
vt 0.021484 0.500000
vt 0.021484 0.500000
vt 0.841797 0.500000
vt 0.841797 0.500000
vt 0.841797 0.500000
vt 0.841797 0.500000
vt 0.021484 0.500000
vt 0.021484 0.500000
vt 0.021484 0.500000
vt 0.021484 0.500000
vt 0.841797 0.500000
vt 0.841797 0.500000
vt 0.841797 0.500000
vt 0.841797 0.500000
vt 0.537109 0.500000
vt 0.537109 0.500000
vt 0.537109 0.500000
vt 0.537109 0.500000
vt 0.537109 0.500000
vt 0.537109 0.500000
vt 0.537109 0.500000
vt 0.537109 0.500000
vt 0.841797 0.500000
vt 0.841797 0.500000
vt 0.841797 0.500000
vt 0.841797 0.500000
vt 0.537109 0.500000
vt 0.537109 0.500000
vt 0.537109 0.500000
vt 0.537109 0.500000
vt 0.537109 0.500000
vt 0.537109 0.500000
vt 0.537109 0.500000
vt 0.537109 0.500000
vt 0.537109 0.500000
vt 0.537109 0.500000
vt 0.841797 0.500000
vt 0.841797 0.500000
vt 0.841797 0.500000
vt 0.841797 0.500000
vt 0.841797 0.500000
vt 0.841797 0.500000
vt 0.841797 0.500000
vt 0.841797 0.500000
vt 0.841797 0.500000
vt 0.841797 0.500000
vt 0.841797 0.500000
vt 0.841797 0.500000
vt 0.841797 0.500000
vt 0.841797 0.500000
vt 0.841797 0.500000
vt 0.841797 0.500000
vt 0.841797 0.500000
vt 0.841797 0.500000
vt 0.841797 0.500000
vt 0.841797 0.500000
vt 0.841797 0.500000
vt 0.841797 0.500000
vt 0.841797 0.500000
vt 0.841797 0.500000
vt 0.841797 0.500000
vt 0.841797 0.500000
vt 0.841797 0.500000
vt 0.841797 0.500000
vt 0.841797 0.500000
vt 0.841797 0.500000
vt 0.841797 0.500000
vt 0.841797 0.500000
vt 0.841797 0.500000
vt 0.841797 0.500000
vt 0.841797 0.500000
vt 0.841797 0.500000
vt 0.841797 0.500000
vt 0.841797 0.500000
vt 0.841797 0.500000
vt 0.841797 0.500000
vt 0.841797 0.500000
vt 0.841797 0.500000
vt 0.841797 0.500000
vt 0.841797 0.500000
vt 0.841797 0.500000
vt 0.841797 0.500000
vt 0.841797 0.500000
vt 0.841797 0.500000
vt 0.841797 0.500000
vt 0.841797 0.500000
vt 0.841797 0.500000
vt 0.841797 0.500000
vt 0.841797 0.500000
vt 0.841797 0.500000
vt 0.841797 0.500000
vt 0.841797 0.500000
vt 0.841797 0.500000
vt 0.841797 0.500000
vt 0.841797 0.500000
vt 0.841797 0.500000
vt 0.841797 0.500000
vt 0.841797 0.500000
vt 0.841797 0.500000
vt 0.841797 0.500000
vt 0.841797 0.500000
vt 0.841797 0.500000
vt 0.841797 0.500000
vt 0.841797 0.500000
vt 0.841797 0.500000
vt 0.841797 0.500000
vt 0.841797 0.500000
vt 0.841797 0.500000
vt 0.841797 0.500000
vt 0.841797 0.500000
vt 0.841797 0.500000
vt 0.841797 0.500000
vt 0.841797 0.500000
vt 0.841797 0.500000
vt 0.841797 0.500000
vt 0.841797 0.500000
vt 0.841797 0.500000
vt 0.841797 0.500000
vt 0.841797 0.500000
vt 0.841797 0.500000
vt 0.841797 0.500000
vt 0.841797 0.500000
vt 0.841797 0.500000
vt 0.841797 0.500000
vt 0.841797 0.500000
vt 0.841797 0.500000
vt 0.841797 0.500000
vt 0.841797 0.500000
vt 0.841797 0.500000
vt 0.841797 0.500000
vt 0.841797 0.500000
vt 0.841797 0.500000
vt 0.841797 0.500000
vt 0.841797 0.500000
vt 0.841797 0.500000
vt 0.841797 0.500000
vt 0.841797 0.500000
vt 0.841797 0.500000
vt 0.841797 0.500000
vt 0.841797 0.500000
vt 0.841797 0.500000
vt 0.841797 0.500000
vt 0.841797 0.500000
vn -1.0000 0.0000 0.0000
vn 1.0000 0.0000 0.0000
vn -0.0000 -0.0000 1.0000
vn 0.0000 0.0000 -1.0000
vn 0.0000 -1.0000 0.0000
vn 0.0000 1.0000 0.0000
usemtl palette.005
s 1
f 1/1/1 2/2/1 3/3/1
f 4/4/1 2/2/1 1/1/1
f 5/5/1 6/6/1 7/7/1
f 8/8/1 6/6/1 5/5/1
f 9/9/1 5/5/1 7/7/1
f 10/10/1 9/9/1 7/7/1
f 10/10/1 11/11/1 9/9/1
f 12/12/1 11/11/1 10/10/1
f 13/13/1 14/14/1 15/15/1
f 16/16/1 14/14/1 13/13/1
f 17/17/1 13/13/1 15/15/1
f 18/18/1 13/13/1 17/17/1
f 19/19/1 14/14/1 16/16/1
f 20/20/1 14/14/1 19/19/1
f 21/21/1 19/22/1 18/23/1
f 22/24/1 19/22/1 21/21/1
f 23/25/1 24/26/1 25/27/1
f 26/28/1 24/26/1 23/25/1
f 27/29/1 28/30/1 26/28/1
f 29/31/1 28/30/1 27/29/1
f 30/32/1 31/33/1 32/34/1
f 33/35/1 31/33/1 30/32/1
f 34/36/1 35/37/1 33/38/1
f 36/39/1 37/40/1 38/41/1
f 39/42/1 34/36/1 33/38/1
f 39/42/1 36/39/1 34/36/1
f 40/43/1 37/40/1 36/39/1
f 40/43/1 36/39/1 39/42/1
f 41/44/1 42/45/1 43/46/1
f 44/47/1 42/45/1 41/44/1
f 45/48/1 46/49/1 47/50/1
f 48/51/1 44/52/1 41/53/1
f 49/54/1 45/48/1 47/50/1
f 49/54/1 48/51/1 45/48/1
f 50/55/1 44/52/1 48/51/1
f 50/55/1 48/51/1 49/54/1
f 51/56/1 52/57/1 53/58/1
f 54/59/1 52/57/1 51/56/1
f 55/60/1 56/61/1 57/62/1
f 58/63/1 59/64/1 60/65/1
f 61/66/1 59/64/1 58/63/1
f 62/67/1 63/68/1 55/60/1
f 62/67/1 55/60/1 57/62/1
f 64/69/1 63/68/1 62/67/1
f 65/70/1 63/68/1 64/69/1
f 66/71/1 61/72/1 58/73/1
f 67/74/1 61/72/1 66/71/1
f 68/75/1 64/76/1 62/77/1
f 69/78/1 64/76/1 68/75/1
f 70/79/1 71/80/1 72/81/1
f 73/82/1 71/80/1 70/79/1
f 74/83/1 75/84/1 76/85/1
f 77/86/1 75/84/1 74/83/1
f 78/87/1 79/88/1 80/89/1
f 81/90/1 79/88/1 78/87/1
f 82/91/1 78/87/1 83/92/1
f 84/93/1 78/87/1 82/91/1
f 85/94/1 86/95/1 87/96/1
f 88/97/1 86/95/1 85/94/1
f 89/98/1 90/99/1 91/100/1
f 92/101/1 90/99/1 89/98/1
f 93/102/1 84/103/1 82/104/1
f 94/105/1 84/103/1 93/102/1
f 95/106/1 85/107/1 96/108/1
f 97/109/1 85/107/1 95/106/1
f 98/110/1 99/111/1 94/105/1
f 100/112/1 99/111/1 98/110/1
f 101/113/1 95/106/1 102/114/1
f 103/115/1 95/106/1 101/113/1
f 104/116/1 105/117/1 106/118/1
f 107/119/1 105/117/1 104/116/1
f 108/120/1 109/121/1 110/122/1
f 111/123/1 109/121/1 108/120/1
f 112/124/1 113/125/1 114/126/1
f 115/127/1 113/125/1 112/124/1
f 116/128/1 117/129/1 118/130/1
f 119/131/1 117/129/1 116/128/1
f 120/132/1 121/133/1 122/134/1
f 123/135/1 121/133/1 120/132/1
f 124/136/1 125/137/1 126/138/1
f 127/139/1 125/137/1 124/136/1
f 128/140/1 129/141/1 130/142/1
f 131/143/1 129/141/1 128/140/1
f 132/144/1 133/145/1 134/146/1
f 135/147/1 133/145/1 132/144/1
f 136/148/1 137/149/1 138/150/1
f 139/151/1 136/152/1 140/153/1
f 141/154/1 137/149/1 136/148/1
f 141/155/1 136/152/1 139/151/1
f 142/156/1 137/149/1 141/154/1
f 143/157/1 144/158/1 145/159/1
f 146/160/1 144/158/1 143/157/1
f 147/161/1 141/162/1 139/163/1
f 148/164/1 142/165/1 141/166/1
f 148/167/1 141/162/1 147/161/1
f 149/168/1 148/169/1 147/170/1
f 150/171/1 142/165/1 148/164/1
f 150/172/1 148/169/1 149/168/1
f 151/173/1 142/165/1 150/171/1
f 152/174/1 151/175/1 153/176/1
f 154/177/1 142/165/1 151/173/1
f 154/178/1 151/175/1 152/174/1
f 155/179/1 143/180/1 156/181/1
f 157/182/1 143/180/1 155/179/1
f 158/183/1 142/165/1 154/177/1
f 159/184/1 142/165/1 158/183/1
f 160/185/1 161/186/1 162/187/1
f 163/188/1 161/186/1 160/185/1
f 164/189/1 163/190/1 160/191/1
f 165/192/1 163/190/1 164/189/1
f 166/193/1 165/194/1 164/195/1
f 167/196/1 166/193/1 164/195/1
f 167/196/1 168/197/1 166/193/1
f 169/198/1 168/197/1 167/196/1
f 170/199/1 168/197/1 169/198/1
f 171/200/1 168/197/1 170/199/1
f 172/201/1 173/202/1 174/203/1
f 175/204/1 173/202/1 172/201/1
f 176/205/1 172/201/1 177/206/1
f 178/207/1 172/201/1 176/205/1
f 179/208/1 180/209/1 181/210/1
f 182/211/1 180/209/1 179/208/1
f 183/212/1 178/213/1 176/214/1
f 184/215/1 178/213/1 183/212/1
f 185/216/1 184/217/1 183/218/1
f 186/219/1 184/217/1 185/216/1
f 187/220/1 188/221/1 189/222/1
f 190/223/1 188/221/1 187/220/1
f 191/224/1 192/225/1 190/223/1
f 193/226/1 192/225/1 191/224/1
f 194/227/1 195/228/1 196/229/1
f 197/230/1 195/228/1 194/227/1
f 198/231/1 199/232/1 200/233/1
f 201/234/1 199/232/1 198/231/1
f 202/235/1 203/236/1 204/237/1
f 205/238/1 203/236/1 202/235/1
f 206/239/1 207/240/1 208/241/1
f 209/242/1 210/243/1 206/239/1
f 211/244/1 206/239/1 208/241/1
f 211/244/1 212/245/1 209/242/1
f 211/244/1 209/242/1 206/239/1
f 213/246/1 212/245/1 211/244/1
f 214/247/1 212/245/1 213/246/1
f 215/248/1 212/245/1 214/247/1
f 216/249/1 217/250/1 218/251/1
f 219/252/1 217/250/1 216/249/1
f 220/253/1 217/250/1 219/252/1
f 221/254/1 222/255/1 220/253/1
f 221/254/1 220/253/1 219/252/1
f 223/256/1 222/255/1 221/254/1
f 224/257/1 222/255/1 223/256/1
f 225/258/1 226/259/1 224/257/1
f 225/258/1 224/257/1 223/256/1
f 227/260/1 226/259/1 225/258/1
f 228/261/1 229/262/1 230/263/1
f 231/264/1 229/262/1 228/261/1
f 232/265/1 233/266/1 234/267/1
f 235/268/1 233/266/1 232/265/1
f 236/269/1 237/270/1 238/271/1
f 239/272/1 237/270/1 236/269/1
f 240/273/1 239/274/1 236/275/1
f 241/276/1 239/274/1 240/273/1
f 242/277/1 243/278/1 244/279/1
f 245/280/1 243/278/1 242/277/1
f 246/281/1 243/278/1 245/280/1
f 247/282/1 248/283/1 246/281/1
f 247/282/1 246/281/1 245/280/1
f 249/284/1 248/283/1 247/282/1
f 250/285/1 248/283/1 249/284/1
f 251/286/1 248/283/1 250/285/1
f 252/287/1 253/288/1 254/289/1
f 255/290/1 253/288/1 252/287/1
f 256/291/1 257/292/1 258/293/1
f 259/294/1 257/292/1 256/291/1
f 260/295/1 261/296/1 262/297/1
f 263/298/1 261/296/1 260/295/1
f 264/299/2 265/300/2 266/301/2
f 266/301/2 265/300/2 267/302/2
f 268/303/2 269/304/2 270/305/2
f 270/305/2 269/304/2 271/306/2
f 272/307/2 273/308/2 274/309/2
f 274/309/2 273/308/2 275/310/2
f 276/311/2 277/312/2 278/313/2
f 278/313/2 277/312/2 279/314/2
f 280/315/2 281/316/2 282/317/2
f 282/317/2 281/316/2 283/318/2
f 284/319/2 285/320/2 286/321/2
f 286/321/2 285/320/2 287/322/2
f 286/323/2 287/324/2 288/325/2
f 288/325/2 287/324/2 289/326/2
f 290/327/2 291/328/2 292/329/2
f 292/329/2 293/330/2 294/331/2
f 290/327/2 292/329/2 295/332/2
f 294/331/2 296/333/2 295/332/2
f 292/329/2 294/331/2 295/332/2
f 295/332/2 296/333/2 297/334/2
f 297/334/2 296/333/2 298/335/2
f 298/335/2 296/333/2 299/336/2
f 300/337/2 301/338/2 302/339/2
f 302/339/2 301/338/2 303/340/2
f 303/340/2 301/338/2 304/341/2
f 304/341/2 305/342/2 306/343/2
f 303/340/2 304/341/2 306/343/2
f 306/343/2 305/342/2 307/344/2
f 307/344/2 305/342/2 308/345/2
f 307/344/2 308/345/2 309/346/2
f 308/345/2 310/347/2 309/346/2
f 309/346/2 310/347/2 311/348/2
f 312/349/2 313/350/2 314/351/2
f 314/351/2 313/350/2 315/352/2
f 316/353/2 317/354/2 318/355/2
f 318/355/2 317/354/2 319/356/2
f 320/357/2 321/358/2 322/359/2
f 322/359/2 321/358/2 323/360/2
f 323/360/2 321/358/2 324/361/2
f 324/361/2 325/362/2 326/363/2
f 323/360/2 324/361/2 326/363/2
f 326/363/2 325/362/2 327/364/2
f 328/365/2 329/366/2 330/367/2
f 330/367/2 329/366/2 331/368/2
f 332/369/2 330/367/2 333/370/2
f 333/370/2 330/367/2 334/371/2
f 335/372/2 336/373/2 337/374/2
f 337/374/2 336/373/2 338/375/2
f 333/376/2 334/377/2 339/378/2
f 339/378/2 334/377/2 340/379/2
f 339/380/2 340/381/2 341/382/2
f 341/382/2 340/381/2 342/383/2
f 343/384/2 344/385/2 345/386/2
f 345/386/2 344/385/2 346/387/2
f 346/387/2 347/388/2 348/389/2
f 348/389/2 347/388/2 349/390/2
f 350/391/2 351/392/2 352/393/2
f 352/393/2 351/392/2 353/394/2
f 354/395/2 355/396/2 356/397/2
f 356/397/2 355/396/2 357/398/2
f 356/399/2 357/400/2 358/401/2
f 358/401/2 357/400/2 359/402/2
f 358/403/2 359/404/2 360/405/2
f 358/403/2 360/405/2 361/406/2
f 360/405/2 362/407/2 361/406/2
f 361/406/2 362/407/2 363/408/2
f 363/408/2 362/407/2 364/409/2
f 364/409/2 362/407/2 365/410/2
f 366/411/2 367/412/2 368/413/2
f 368/413/2 367/412/2 369/414/2
f 370/415/2 371/416/2 372/417/2
f 372/417/2 371/416/2 373/418/2
f 374/419/2 375/420/2 376/421/2
f 377/422/2 376/423/2 378/424/2
f 376/421/2 375/420/2 379/425/2
f 378/424/2 376/423/2 379/426/2
f 379/425/2 375/420/2 380/427/2
f 381/428/2 382/429/2 383/430/2
f 383/430/2 382/429/2 384/431/2
f 378/432/2 379/433/2 385/434/2
f 379/435/2 380/436/2 386/437/2
f 385/434/2 379/433/2 386/438/2
f 385/439/2 386/440/2 387/441/2
f 386/437/2 380/436/2 388/442/2
f 387/441/2 386/440/2 388/443/2
f 388/442/2 380/436/2 389/444/2
f 390/445/2 389/446/2 391/447/2
f 389/444/2 380/436/2 392/448/2
f 391/447/2 389/446/2 392/449/2
f 393/450/2 383/451/2 394/452/2
f 394/452/2 383/451/2 395/453/2
f 392/448/2 380/436/2 396/454/2
f 396/454/2 380/436/2 397/455/2
f 398/456/2 399/457/2 400/458/2
f 400/458/2 399/457/2 401/459/2
f 402/460/2 403/461/2 404/462/2
f 404/462/2 403/461/2 405/463/2
f 406/464/2 407/465/2 408/466/2
f 408/466/2 407/465/2 409/467/2
f 410/468/2 411/469/2 412/470/2
f 412/470/2 411/469/2 413/471/2
f 414/472/2 415/473/2 416/474/2
f 416/474/2 415/473/2 417/475/2
f 418/476/2 419/477/2 420/478/2
f 420/478/2 419/477/2 421/479/2
f 422/480/2 423/481/2 424/482/2
f 424/482/2 423/481/2 425/483/2
f 426/484/2 424/482/2 427/485/2
f 427/485/2 424/482/2 428/486/2
f 429/487/2 430/488/2 431/489/2
f 431/489/2 430/488/2 432/490/2
f 433/491/2 434/492/2 435/493/2
f 435/493/2 434/492/2 436/494/2
f 427/495/2 428/496/2 437/497/2
f 437/497/2 428/496/2 438/498/2
f 439/499/2 431/500/2 440/501/2
f 440/501/2 431/500/2 441/502/2
f 438/498/2 442/503/2 443/504/2
f 443/504/2 442/503/2 444/505/2
f 445/506/2 440/501/2 446/507/2
f 446/507/2 440/501/2 447/508/2
f 448/509/2 449/510/2 450/511/2
f 450/511/2 449/510/2 451/512/2
f 452/513/2 453/514/2 454/515/2
f 454/515/2 453/514/2 455/516/2
f 456/517/2 457/518/2 458/519/2
f 459/520/2 460/521/2 461/522/2
f 461/522/2 460/521/2 462/523/2
f 458/519/2 463/524/2 464/525/2
f 456/517/2 458/519/2 464/525/2
f 464/525/2 463/524/2 465/526/2
f 465/526/2 463/524/2 466/527/2
f 461/528/2 462/529/2 467/530/2
f 467/530/2 462/529/2 468/531/2
f 464/532/2 465/533/2 469/534/2
f 469/534/2 465/533/2 470/535/2
f 471/536/2 472/537/2 473/538/2
f 473/538/2 472/537/2 474/539/2
f 475/540/2 476/541/2 477/542/2
f 477/542/2 476/541/2 478/543/2
f 479/544/2 480/545/2 481/546/2
f 482/547/2 483/548/2 484/549/2
f 479/544/2 481/546/2 485/550/2
f 481/546/2 484/549/2 485/550/2
f 484/549/2 483/548/2 486/551/2
f 485/550/2 484/549/2 486/551/2
f 487/552/2 488/553/2 489/554/2
f 489/554/2 488/553/2 490/555/2
f 491/556/2 492/557/2 493/558/2
f 493/558/2 492/557/2 494/559/2
f 490/560/2 495/561/2 496/562/2
f 497/563/2 493/564/2 498/565/2
f 490/560/2 496/562/2 499/566/2
f 496/562/2 498/565/2 499/566/2
f 498/565/2 493/564/2 500/567/2
f 499/566/2 498/565/2 500/567/2
f 501/568/2 502/569/2 503/570/2
f 503/570/2 502/569/2 504/571/2
f 501/568/2 503/570/2 505/572/2
f 505/572/2 503/570/2 506/573/2
f 504/571/2 502/569/2 507/574/2
f 507/574/2 502/569/2 508/575/2
f 506/576/2 507/577/2 509/578/2
f 509/578/2 507/577/2 510/579/2
f 511/580/2 512/581/2 513/582/2
f 513/582/2 512/581/2 514/583/2
f 511/580/2 513/582/2 515/584/2
f 511/580/2 515/584/2 516/585/2
f 515/584/2 517/586/2 516/585/2
f 516/585/2 517/586/2 518/587/2
f 519/588/2 520/589/2 521/590/2
f 521/590/2 520/589/2 522/591/2
f 523/592/3 524/593/3 525/594/3
f 526/595/3 527/596/3 528/597/3
f 529/598/3 525/599/3 527/600/3
f 529/601/3 527/596/3 526/595/3
f 530/602/3 531/603/3 523/592/3
f 530/604/3 525/599/3 529/598/3
f 530/602/3 523/592/3 525/594/3
f 532/605/3 529/598/3 526/606/3
f 533/607/3 530/602/3 529/601/3
f 533/608/3 529/598/3 532/605/3
f 534/609/3 531/603/3 530/602/3
f 534/609/3 530/602/3 533/607/3
f 535/610/3 531/603/3 534/609/3
f 536/611/3 531/603/3 535/610/3
f 537/612/3 533/607/3 532/613/3
f 538/614/3 534/615/3 533/608/3
f 538/616/3 533/607/3 537/612/3
f 539/617/3 535/610/3 534/609/3
f 539/618/3 534/615/3 538/614/3
f 540/619/3 535/610/3 539/617/3
f 541/620/3 542/621/3 543/622/3
f 544/623/3 545/624/3 542/625/3
f 544/626/3 542/621/3 541/620/3
f 546/627/3 547/628/3 545/629/3
f 546/630/3 545/624/3 544/623/3
f 548/631/3 547/628/3 546/627/3
f 549/632/3 547/628/3 548/631/3
f 550/633/3 551/634/3 549/632/3
f 550/633/3 549/632/3 548/631/3
f 552/635/3 551/634/3 550/633/3
f 553/636/3 541/620/3 554/637/3
f 555/638/3 553/636/3 554/637/3
f 556/639/3 551/634/3 552/635/3
f 557/640/3 555/638/3 554/637/3
f 558/641/3 555/638/3 557/640/3
f 559/642/3 556/639/3 560/643/3
f 561/644/3 551/634/3 556/639/3
f 561/644/3 556/639/3 559/642/3
f 562/645/3 551/634/3 561/644/3
f 563/646/3 564/647/3 558/641/3
f 565/648/3 566/649/3 564/650/3
f 565/651/3 564/647/3 563/646/3
f 567/652/3 559/642/3 566/653/3
f 567/654/3 566/649/3 565/648/3
f 567/652/3 561/644/3 559/642/3
f 568/655/3 561/644/3 567/652/3
f 569/656/3 570/657/3 571/658/3
f 572/659/3 569/656/3 573/660/3
f 574/661/3 575/662/3 576/663/3
f 577/664/3 578/665/3 575/666/3
f 577/667/3 575/662/3 574/661/3
f 579/668/3 580/669/3 578/670/3
f 579/671/3 578/665/3 577/664/3
f 581/672/3 580/669/3 579/668/3
f 582/673/3 570/657/3 569/656/3
f 582/673/3 569/656/3 572/659/3
f 583/674/3 570/657/3 582/673/3
f 584/675/3 585/676/3 586/677/3
f 587/678/3 585/676/3 584/675/3
f 588/679/3 572/680/3 589/681/3
f 590/682/3 582/673/3 572/659/3
f 590/683/3 572/680/3 588/679/3
f 591/684/3 588/679/3 589/681/3
f 591/685/3 590/686/3 588/687/3
f 592/688/3 582/673/3 590/682/3
f 592/689/3 590/686/3 591/685/3
f 593/690/3 591/684/3 589/681/3
f 593/690/3 592/691/3 591/684/3
f 594/692/3 582/673/3 592/688/3
f 594/693/3 592/691/3 593/690/3
f 595/694/3 582/673/3 594/692/3
f 596/695/3 597/696/3 598/697/3
f 599/698/3 600/699/3 597/700/3
f 599/701/3 597/696/3 596/695/3
f 601/702/3 602/703/3 587/678/3
f 603/704/3 602/703/3 601/702/3
f 604/705/3 596/695/3 598/697/3
f 604/706/3 599/707/3 596/708/3
f 605/709/3 600/699/3 599/698/3
f 605/710/3 599/707/3 604/706/3
f 606/711/3 601/702/3 607/712/3
f 608/713/3 601/702/3 606/711/3
f 609/714/3 600/699/3 605/709/3
f 610/715/3 611/716/3 612/717/3
f 613/718/3 614/719/3 611/720/3
f 613/721/3 611/716/3 610/715/3
f 615/722/3 616/723/3 614/724/3
f 615/725/3 614/719/3 613/718/3
f 617/726/3 616/723/3 615/722/3
f 618/727/3 604/705/3 598/697/3
f 618/727/3 605/728/3 604/705/3
f 619/729/3 609/714/3 605/709/3
f 619/730/3 605/728/3 618/727/3
f 619/729/3 620/731/3 609/714/3
f 621/732/3 620/731/3 619/729/3
f 622/733/3 620/731/3 621/732/3
f 623/734/3 620/731/3 622/733/3
f 624/735/3 620/731/3 623/734/3
f 625/736/3 626/737/3 627/738/3
f 628/739/3 626/737/3 625/736/3
f 629/740/3 630/741/3 631/742/3
f 632/743/3 630/741/3 629/740/3
f 633/744/3 626/737/3 628/739/3
f 634/745/3 626/737/3 633/744/3
f 635/746/3 626/737/3 634/745/3
f 636/747/3 637/748/3 638/749/3
f 639/750/3 640/751/3 635/746/3
f 639/750/3 636/747/3 640/751/3
f 639/750/3 635/746/3 634/745/3
f 641/752/3 636/747/3 639/750/3
f 642/753/3 637/748/3 636/747/3
f 642/753/3 636/747/3 641/752/3
f 643/754/3 629/740/3 631/742/3
f 644/755/3 639/750/3 634/745/3
f 645/756/3 644/755/3 646/757/3
f 647/758/3 637/748/3 642/753/3
f 648/759/3 637/748/3 647/758/3
f 649/760/3 650/761/3 643/754/3
f 649/760/3 643/754/3 631/742/3
f 651/762/3 650/761/3 649/760/3
f 652/763/3 645/756/3 653/764/3
f 654/765/3 639/750/3 644/755/3
f 654/765/3 645/756/3 652/763/3
f 654/765/3 644/755/3 645/756/3
f 655/766/3 656/767/3 657/768/3
f 658/769/3 659/770/3 656/771/3
f 658/772/3 656/767/3 655/766/3
f 660/773/3 659/770/3 658/769/3
f 661/774/3 655/766/3 657/768/3
f 662/775/3 659/770/3 660/773/3
f 663/776/3 664/777/3 661/774/3
f 663/776/3 661/774/3 657/768/3
f 665/778/3 662/775/3 664/779/3
f 665/780/3 664/777/3 663/776/3
f 666/781/3 659/770/3 662/775/3
f 666/781/3 662/775/3 665/778/3
f 667/782/3 668/783/3 669/784/3
f 670/785/3 671/786/3 668/787/3
f 670/788/3 668/783/3 667/782/3
f 672/789/3 671/786/3 670/785/3
f 673/790/3 667/782/3 674/791/3
f 675/792/3 667/782/3 673/790/3
f 676/793/3 677/794/3 672/789/3
f 678/795/3 677/794/3 676/793/3
f 679/796/3 680/797/3 675/792/3
f 681/798/3 676/793/3 680/799/3
f 681/800/3 680/797/3 679/796/3
f 682/801/3 676/793/3 681/798/3
f 683/802/3 684/803/3 685/804/3
f 686/805/3 683/802/3 685/804/3
f 687/806/3 683/802/3 686/805/3
f 688/807/3 689/808/3 683/809/3
f 688/810/3 683/802/3 687/806/3
f 690/811/3 689/808/3 688/807/3
f 691/812/3 689/808/3 690/811/3
f 692/813/3 687/806/3 686/805/3
f 692/813/3 686/805/3 693/814/3
f 694/815/3 687/806/3 692/813/3
f 695/816/3 696/817/3 691/812/3
f 695/816/3 691/812/3 690/811/3
f 697/818/3 696/817/3 695/816/3
f 698/819/3 692/813/3 693/814/3
f 699/820/3 696/817/3 697/818/3
f 700/821/3 701/822/3 698/819/3
f 700/821/3 698/819/3 693/814/3
f 702/823/3 701/822/3 700/821/3
f 703/824/3 701/822/3 702/823/3
f 704/825/3 699/820/3 705/826/3
f 706/827/3 696/817/3 699/820/3
f 706/827/3 699/820/3 704/825/3
f 707/828/3 696/817/3 706/827/3
f 708/829/3 709/830/3 703/824/3
f 708/831/3 704/825/3 709/832/3
f 708/831/3 706/827/3 704/825/3
f 708/829/3 703/824/3 702/823/3
f 710/833/3 706/827/3 708/831/3
f 711/834/3 708/829/3 702/823/3
f 712/835/3 708/829/3 711/834/3
f 713/836/3 714/837/3 715/838/3
f 716/839/3 714/837/3 713/836/3
f 717/840/3 714/837/3 716/839/3
f 718/841/3 719/842/3 717/843/3
f 720/844/3 719/842/3 718/841/3
f 721/845/3 713/836/3 722/846/3
f 721/845/3 716/839/3 713/836/3
f 723/847/3 716/839/3 721/845/3
f 724/848/3 721/845/3 722/846/3
f 725/849/3 724/850/3 726/851/3
f 727/852/3 721/845/3 724/848/3
f 727/853/3 724/850/3 725/849/3
f 728/854/3 729/855/3 730/856/3
f 731/857/3 729/855/3 728/854/3
f 732/858/3 721/845/3 727/852/3
f 733/859/3 734/860/3 732/858/3
f 735/861/3 736/862/3 737/863/3
f 738/864/3 736/862/3 735/861/3
f 739/865/3 732/858/3 727/852/3
f 739/865/3 733/859/3 732/858/3
f 739/865/3 735/866/3 733/859/3
f 740/867/3 735/866/3 739/865/3
f 741/868/3 742/869/3 743/870/3
f 744/871/3 742/869/3 741/868/3
f 745/872/3 746/873/3 744/874/3
f 747/875/3 746/873/3 745/872/3
f 748/876/3 749/877/3 750/878/3
f 751/879/3 749/877/3 748/876/3
f 752/880/3 753/881/3 754/882/3
f 755/883/3 753/881/3 752/880/3
f 756/884/3 757/885/3 758/886/3
f 759/887/3 757/885/3 756/884/3
f 760/888/3 761/889/3 762/890/3
f 763/891/3 761/889/3 760/888/3
f 764/892/3 760/893/3 765/894/3
f 766/895/3 760/893/3 764/892/3
f 767/896/3 768/897/3 769/898/3
f 770/899/3 768/897/3 767/896/3
f 771/900/3 772/901/3 773/902/3
f 774/903/3 772/901/3 771/900/3
f 775/904/3 776/905/3 777/906/3
f 778/907/3 776/905/3 775/904/3
f 779/908/3 780/909/3 781/910/3
f 782/911/3 780/909/3 779/908/3
f 783/912/3 784/913/3 785/914/3
f 786/915/3 784/913/3 783/912/3
f 787/916/3 788/917/3 789/918/3
f 790/919/3 788/917/3 787/916/3
f 791/920/3 792/921/3 793/922/3
f 794/923/3 792/921/3 791/920/3
f 795/924/3 796/925/3 797/926/3
f 798/927/3 796/925/3 795/924/3
f 799/928/3 800/929/3 801/930/3
f 802/931/3 800/929/3 799/928/3
f 803/932/3 804/933/3 805/934/3
f 806/935/3 804/933/3 803/932/3
f 807/936/3 808/937/3 809/938/3
f 810/939/3 808/937/3 807/936/3
f 811/940/3 812/941/3 813/942/3
f 814/943/3 812/941/3 811/940/3
f 815/944/3 816/945/3 817/946/3
f 818/947/3 816/945/3 815/944/3
f 819/948/3 820/949/3 821/950/3
f 822/951/3 820/949/3 819/948/3
f 823/952/3 824/953/3 825/954/3
f 826/955/3 824/953/3 823/952/3
f 827/956/3 828/957/3 829/958/3
f 830/959/3 828/957/3 827/956/3
f 831/960/3 832/961/3 833/962/3
f 834/963/3 832/961/3 831/960/3
f 835/964/4 836/965/4 837/966/4
f 838/967/4 837/966/4 839/968/4
f 837/966/4 836/965/4 840/969/4
f 839/968/4 837/966/4 840/969/4
f 841/970/4 842/971/4 843/972/4
f 843/972/4 842/971/4 844/973/4
f 844/973/4 842/971/4 845/974/4
f 845/974/4 842/971/4 846/975/4
f 847/976/4 848/977/4 849/978/4
f 849/978/4 848/977/4 850/979/4
f 851/980/4 852/981/4 853/982/4
f 853/982/4 852/981/4 854/983/4
f 855/984/4 856/985/4 857/986/4
f 857/986/4 856/985/4 858/987/4
f 859/988/4 860/989/4 861/990/4
f 861/990/4 860/989/4 862/991/4
f 863/992/4 864/993/4 865/994/4
f 865/994/4 864/993/4 866/995/4
f 867/996/4 868/997/4 869/998/4
f 869/998/4 868/997/4 870/999/4
f 871/1000/4 872/1001/4 873/1002/4
f 873/1002/4 872/1001/4 874/1003/4
f 874/1003/4 872/1001/4 875/1004/4
f 876/1005/4 877/1006/4 878/1007/4
f 878/1007/4 877/1006/4 879/1008/4
f 880/1009/4 881/1010/4 882/1011/4
f 882/1011/4 881/1010/4 883/1012/4
f 884/1013/4 882/1011/4 885/1014/4
f 883/1012/4 886/1015/4 885/1014/4
f 882/1011/4 883/1012/4 885/1014/4
f 885/1014/4 886/1015/4 887/1016/4
f 887/1017/4 888/1018/4 889/1019/4
f 889/1019/4 888/1018/4 890/1020/4
f 891/1021/4 892/1022/4 893/1023/4
f 893/1023/4 892/1022/4 894/1024/4
f 895/1025/4 896/1026/4 897/1027/4
f 897/1027/4 896/1026/4 898/1028/4
f 899/1029/4 900/1030/4 901/1031/4
f 901/1031/4 900/1030/4 902/1032/4
f 903/1033/4 901/1034/4 904/1035/4
f 904/1035/4 901/1034/4 905/1036/4
f 905/1036/4 901/1034/4 906/1037/4
f 906/1037/4 901/1034/4 907/1038/4
f 905/1036/4 906/1037/4 908/1039/4
f 908/1039/4 906/1037/4 909/1040/4
f 910/1041/4 911/1042/4 912/1043/4
f 912/1043/4 911/1042/4 913/1044/4
f 913/1044/4 911/1042/4 914/1045/4
f 913/1044/4 914/1045/4 915/1046/4
f 914/1047/4 916/1048/4 917/1049/4
f 915/1046/4 914/1045/4 917/1050/4
f 917/1049/4 916/1048/4 918/1051/4
f 919/1052/4 912/1043/4 920/1053/4
f 921/1054/4 920/1055/4 922/1056/4
f 920/1053/4 912/1043/4 923/1057/4
f 922/1056/4 920/1055/4 923/1058/4
f 923/1057/4 912/1043/4 924/1059/4
f 925/1060/4 924/1061/4 926/1062/4
f 924/1059/4 912/1043/4 927/1063/4
f 926/1062/4 924/1061/4 927/1064/4
f 928/1065/4 929/1066/4 930/1067/4
f 930/1067/4 929/1066/4 931/1068/4
f 927/1063/4 912/1043/4 932/1069/4
f 932/1069/4 933/1070/4 934/1071/4
f 935/1072/4 936/1073/4 937/1074/4
f 937/1074/4 936/1073/4 938/1075/4
f 927/1063/4 932/1069/4 939/1076/4
f 932/1069/4 934/1071/4 939/1076/4
f 934/1071/4 937/1077/4 939/1076/4
f 939/1076/4 937/1077/4 940/1078/4
f 941/1079/4 942/1080/4 943/1081/4
f 941/1079/4 943/1081/4 944/1082/4
f 943/1081/4 945/1083/4 944/1082/4
f 945/1084/4 946/1085/4 947/1086/4
f 944/1082/4 945/1083/4 947/1087/4
f 947/1086/4 946/1085/4 948/1088/4
f 948/1088/4 946/1085/4 949/1089/4
f 949/1089/4 950/1090/4 951/1091/4
f 948/1088/4 949/1089/4 951/1091/4
f 951/1091/4 950/1090/4 952/1092/4
f 953/1093/4 954/1094/4 955/1095/4
f 955/1095/4 954/1094/4 956/1096/4
f 952/1092/4 950/1090/4 957/1097/4
f 958/1098/4 957/1097/4 959/1099/4
f 957/1097/4 950/1090/4 960/1100/4
f 959/1099/4 957/1097/4 960/1100/4
f 960/1100/4 950/1090/4 961/1101/4
f 962/1102/4 963/1103/4 964/1104/4
f 964/1104/4 963/1103/4 965/1105/4
f 963/1106/4 959/1099/4 966/1107/4
f 965/1105/4 963/1103/4 966/1108/4
f 959/1099/4 960/1100/4 966/1107/4
f 966/1107/4 960/1100/4 967/1109/4
f 965/1105/4 966/1108/4 968/1110/4
f 968/1110/4 966/1108/4 969/1111/4
f 970/1112/4 971/1113/4 972/1114/4
f 972/1114/4 971/1113/4 973/1115/4
f 973/1115/4 974/1116/4 975/1117/4
f 975/1117/4 974/1116/4 976/1118/4
f 977/1119/4 978/1120/4 979/1121/4
f 979/1121/4 978/1120/4 980/1122/4
f 981/1123/4 975/1117/4 982/1124/4
f 982/1124/4 975/1117/4 983/1125/4
f 984/1126/4 985/1127/4 986/1128/4
f 986/1128/4 985/1127/4 987/1129/4
f 987/1130/4 988/1131/4 989/1132/4
f 989/1132/4 988/1131/4 990/1133/4
f 990/1133/4 988/1131/4 991/1134/4
f 992/1135/4 991/1134/4 993/1136/4
f 991/1134/4 988/1131/4 994/1137/4
f 993/1136/4 991/1134/4 994/1137/4
f 995/1138/4 993/1139/4 996/1140/4
f 996/1140/4 993/1139/4 997/1141/4
f 998/1142/4 999/1143/4 1000/1144/4
f 1000/1144/4 999/1143/4 1001/1145/4
f 1001/1146/4 1002/1147/4 1003/1148/4
f 1003/1148/4 1002/1147/4 1004/1149/4
f 1005/1150/4 1006/1151/4 1007/1152/4
f 1007/1152/4 1006/1151/4 1008/1153/4
f 1004/1149/4 1002/1147/4 1009/1154/4
f 998/1142/4 1000/1144/4 1010/1155/4
f 1011/1156/4 1009/1154/4 1012/1157/4
f 1009/1154/4 1002/1147/4 1013/1158/4
f 1012/1157/4 1009/1154/4 1013/1158/4
f 998/1142/4 1010/1155/4 1014/1159/4
f 1010/1155/4 1012/1160/4 1014/1159/4
f 1014/1159/4 1012/1160/4 1015/1161/4
f 1016/1162/4 1017/1163/4 1018/1164/4
f 1018/1164/4 1017/1163/4 1019/1165/4
f 1019/1165/4 1017/1163/4 1020/1166/4
f 1021/1167/4 1020/1166/4 1022/1168/4
f 1020/1166/4 1017/1163/4 1023/1169/4
f 1022/1168/4 1020/1166/4 1023/1169/4
f 1024/1170/4 1025/1171/4 1026/1172/4
f 1026/1172/4 1025/1171/4 1027/1173/4
f 1028/1174/4 1029/1175/4 1030/1176/4
f 1030/1176/4 1029/1175/4 1031/1177/4
f 1032/1178/4 1033/1179/4 1034/1180/4
f 1034/1180/4 1033/1179/4 1035/1181/4
f 1036/1182/4 1037/1183/4 1038/1184/4
f 1038/1184/4 1037/1183/4 1039/1185/4
f 1036/1182/4 1038/1184/4 1040/1186/4
f 1039/1185/4 1037/1183/4 1041/1187/4
f 1036/1182/4 1040/1186/4 1042/1188/4
f 1040/1186/4 1041/1187/4 1042/1188/4
f 1041/1187/4 1037/1183/4 1043/1189/4
f 1042/1188/4 1041/1187/4 1043/1189/4
f 1044/1190/4 1045/1191/4 1046/1192/4
f 1046/1192/4 1045/1191/4 1047/1193/4
f 1048/1194/4 1049/1195/4 1050/1196/4
f 1050/1196/4 1049/1195/4 1051/1197/4
f 1052/1198/4 1053/1199/4 1054/1200/4
f 1054/1200/4 1053/1199/4 1055/1201/4
f 1056/1202/5 1057/1203/5 1058/1204/5
f 1059/1205/5 1057/1203/5 1056/1202/5
f 1060/1206/5 1061/1207/5 1062/1208/5
f 1063/1209/5 1061/1207/5 1060/1206/5
f 1064/1210/5 1065/1211/5 1059/1205/5
f 1064/1210/5 1056/1202/5 1066/1212/5
f 1064/1210/5 1059/1205/5 1056/1202/5
f 1067/1213/5 1065/1211/5 1064/1210/5
f 1068/1214/5 1069/1215/5 1063/1209/5
f 1068/1214/5 1063/1209/5 1060/1206/5
f 1068/1214/5 1060/1206/5 1070/1216/5
f 1071/1217/5 1069/1215/5 1068/1214/5
f 1072/1218/5 1073/1219/5 1074/1220/5
f 1075/1221/5 1073/1219/5 1072/1218/5
f 1076/1222/5 1072/1218/5 1077/1223/5
f 1076/1222/5 1078/1224/5 1075/1221/5
f 1076/1222/5 1075/1221/5 1072/1218/5
f 1079/1225/5 1078/1224/5 1076/1222/5
f 1080/1226/5 1078/1224/5 1079/1225/5
f 1081/1227/5 1078/1224/5 1080/1226/5
f 1082/1228/5 1076/1222/5 1077/1223/5
f 1083/1229/5 1080/1226/5 1079/1225/5
f 1084/1230/5 1080/1226/5 1083/1229/5
f 1085/1231/5 1078/1224/5 1081/1227/5
f 1086/1232/5 1084/1230/5 1083/1229/5
f 1086/1232/5 1085/1231/5 1084/1230/5
f 1086/1232/5 1082/1228/5 1077/1223/5
f 1086/1232/5 1083/1229/5 1082/1228/5
f 1087/1233/5 1085/1231/5 1086/1232/5
f 1088/1234/5 1078/1224/5 1085/1231/5
f 1088/1234/5 1085/1231/5 1087/1233/5
f 1089/1235/5 1078/1224/5 1088/1234/5
f 1090/1236/5 1088/1234/5 1087/1233/5
f 1091/1237/5 1088/1234/5 1090/1236/5
f 1092/1238/5 1093/1239/5 1094/1240/5
f 1095/1241/5 1093/1239/5 1092/1238/5
f 1096/1242/5 1097/1243/5 1098/1244/5
f 1099/1245/5 1097/1243/5 1096/1242/5
f 1100/1246/5 1092/1238/5 1094/1240/5
f 1101/1247/5 1092/1238/5 1100/1246/5
f 1102/1248/5 1097/1243/5 1099/1245/5
f 1103/1249/5 1097/1243/5 1102/1248/5
f 1104/1250/5 1105/1251/5 1106/1252/5
f 1107/1253/5 1105/1251/5 1104/1250/5
f 1108/1254/5 1109/1255/5 1110/1256/5
f 1111/1257/5 1109/1255/5 1108/1254/5
f 1112/1258/5 1113/1259/5 1111/1257/5
f 1114/1260/5 1113/1259/5 1112/1258/5
f 1115/1261/5 1113/1259/5 1114/1260/5
f 1116/1262/5 1113/1259/5 1115/1261/5
f 1117/1263/5 1115/1261/5 1114/1260/5
f 1118/1264/5 1115/1261/5 1117/1263/5
f 1119/1265/5 1120/1266/5 1121/1267/5
f 1122/1268/5 1120/1266/5 1119/1265/5
f 1123/1269/5 1124/1270/5 1125/1271/5
f 1126/1272/5 1124/1270/5 1123/1269/5
f 1127/1273/5 1128/1274/5 1129/1275/5
f 1130/1276/5 1128/1274/5 1127/1273/5
f 1131/1277/5 1132/1278/5 1133/1279/5
f 1134/1280/5 1132/1278/5 1131/1277/5
f 1135/1281/5 1136/1282/5 1137/1283/5
f 1138/1284/5 1136/1282/5 1135/1281/5
f 1139/1285/5 1140/1286/5 1141/1287/5
f 1142/1288/5 1140/1286/5 1139/1285/5
f 1143/1289/5 1144/1290/5 1145/1291/5
f 1146/1292/5 1144/1290/5 1143/1289/5
f 1147/1293/5 1144/1290/5 1146/1292/5
f 1148/1294/5 1144/1290/5 1147/1293/5
f 1149/1295/5 1147/1293/5 1146/1292/5
f 1150/1296/5 1147/1293/5 1149/1295/5
f 1151/1297/5 1152/1298/5 1153/1299/5
f 1154/1300/5 1152/1298/5 1151/1297/5
f 1155/1301/5 1151/1297/5 1156/1302/5
f 1157/1303/5 1151/1297/5 1155/1301/5
f 1158/1304/5 1159/1305/5 1154/1300/5
f 1160/1306/5 1159/1305/5 1158/1304/5
f 1161/1307/5 1162/1308/5 1163/1309/5
f 1164/1310/5 1162/1308/5 1161/1307/5
f 1165/1311/5 1166/1312/5 1167/1313/5
f 1168/1314/5 1166/1312/5 1165/1311/5
f 1169/1315/5 1170/1316/5 1171/1317/5
f 1172/1318/5 1170/1316/5 1169/1315/5
f 1173/1319/5 1170/1316/5 1172/1318/5
f 1174/1320/5 1170/1316/5 1173/1319/5
f 1175/1321/5 1173/1319/5 1172/1318/5
f 1176/1322/5 1173/1319/5 1175/1321/5
f 1177/1323/5 1178/1324/5 1179/1325/5
f 1180/1326/5 1178/1324/5 1177/1323/5
f 1181/1327/5 1182/1328/5 1183/1329/5
f 1184/1330/5 1182/1328/5 1181/1327/5
f 1185/1331/5 1186/1332/5 1187/1333/5
f 1188/1334/5 1186/1332/5 1185/1331/5
f 1189/1335/5 1190/1336/5 1191/1337/5
f 1192/1338/5 1190/1336/5 1189/1335/5
f 1193/1339/5 1194/1340/5 1195/1341/5
f 1196/1342/5 1194/1340/5 1193/1339/5
f 1197/1343/5 1198/1344/5 1199/1345/5
f 1200/1346/5 1201/1347/5 1198/1348/5
f 1200/1349/5 1198/1344/5 1197/1343/5
f 1202/1350/5 1203/1351/5 1201/1352/5
f 1202/1353/5 1201/1347/5 1200/1346/5
f 1204/1354/5 1203/1351/5 1202/1350/5
f 1205/1355/5 1197/1343/5 1206/1356/5
f 1207/1357/5 1208/1358/5 1204/1354/5
f 1209/1359/5 1205/1355/5 1210/1360/5
f 1211/1361/5 1197/1343/5 1205/1355/5
f 1211/1361/5 1205/1355/5 1209/1359/5
f 1212/1362/5 1213/1363/5 1207/1357/5
f 1212/1362/5 1207/1357/5 1204/1354/5
f 1214/1364/5 1213/1363/5 1212/1362/5
f 1215/1365/5 1216/1366/5 1217/1367/5
f 1218/1368/5 1216/1366/5 1215/1365/5
f 1219/1369/5 1220/1370/5 1221/1371/5
f 1222/1372/5 1220/1370/5 1219/1369/5
f 1223/1373/5 1224/1374/5 1225/1375/5
f 1226/1376/5 1224/1374/5 1223/1373/5
f 1227/1377/5 1228/1378/5 1229/1379/5
f 1230/1380/5 1228/1378/5 1227/1377/5
f 1231/1381/5 1232/1382/5 1233/1383/5
f 1234/1384/5 1232/1382/5 1231/1381/5
f 1235/1385/5 1236/1386/5 1237/1387/5
f 1238/1388/5 1236/1386/5 1235/1385/5
f 1239/1389/5 1240/1390/5 1241/1391/5
f 1242/1392/5 1240/1390/5 1239/1389/5
f 1243/1393/5 1244/1394/5 1245/1395/5
f 1246/1396/5 1244/1394/5 1243/1393/5
f 1247/1397/5 1248/1398/5 1249/1399/5
f 1250/1400/5 1248/1398/5 1247/1397/5
f 1251/1401/5 1252/1402/5 1253/1403/5
f 1254/1404/5 1252/1402/5 1251/1401/5
f 1255/1405/6 1256/1406/6 1257/1407/6
f 1257/1407/6 1256/1406/6 1258/1408/6
f 1259/1409/6 1260/1410/6 1261/1411/6
f 1261/1411/6 1260/1410/6 1262/1412/6
f 1258/1408/6 1263/1413/6 1264/1414/6
f 1265/1415/6 1257/1407/6 1264/1414/6
f 1257/1407/6 1258/1408/6 1264/1414/6
f 1264/1414/6 1263/1413/6 1266/1416/6
f 1262/1412/6 1267/1417/6 1268/1418/6
f 1261/1411/6 1262/1412/6 1268/1418/6
f 1269/1419/6 1261/1411/6 1268/1418/6
f 1268/1418/6 1267/1417/6 1270/1420/6
f 1265/1415/6 1264/1414/6 1271/1421/6
f 1266/1416/6 1263/1413/6 1272/1422/6
f 1269/1419/6 1268/1418/6 1273/1423/6
f 1270/1420/6 1267/1417/6 1274/1424/6
f 1265/1415/6 1271/1421/6 1275/1425/6
f 1271/1421/6 1272/1422/6 1275/1425/6
f 1272/1422/6 1263/1413/6 1276/1426/6
f 1275/1425/6 1272/1422/6 1276/1426/6
f 1273/1423/6 1274/1424/6 1277/1427/6
f 1269/1419/6 1273/1423/6 1277/1427/6
f 1274/1424/6 1267/1417/6 1278/1428/6
f 1277/1427/6 1274/1424/6 1278/1428/6
f 1279/1429/6 1280/1430/6 1281/1431/6
f 1281/1431/6 1280/1430/6 1282/1432/6
f 1283/1433/6 1284/1434/6 1285/1435/6
f 1285/1435/6 1284/1434/6 1286/1436/6
f 1287/1437/6 1288/1438/6 1289/1439/6
f 1289/1439/6 1288/1438/6 1290/1440/6
f 1291/1441/6 1292/1442/6 1293/1443/6
f 1293/1443/6 1292/1442/6 1294/1444/6
f 1295/1445/6 1296/1446/6 1297/1447/6
f 1297/1447/6 1296/1446/6 1298/1448/6
f 1299/1449/6 1300/1450/6 1301/1451/6
f 1301/1451/6 1300/1450/6 1302/1452/6
f 1303/1453/6 1304/1454/6 1305/1455/6
f 1305/1455/6 1304/1454/6 1306/1456/6
f 1307/1457/6 1308/1458/6 1309/1459/6
f 1309/1459/6 1308/1458/6 1310/1460/6
f 1311/1461/6 1312/1462/6 1313/1463/6
f 1313/1463/6 1312/1462/6 1314/1464/6
f 1315/1465/6 1309/1459/6 1316/1466/6
f 1316/1466/6 1309/1459/6 1317/1467/6
f 1314/1464/6 1318/1468/6 1319/1469/6
f 1319/1469/6 1318/1468/6 1320/1470/6
f 1321/1471/6 1316/1466/6 1322/1472/6
f 1322/1472/6 1316/1466/6 1323/1473/6
f 1320/1470/6 1324/1474/6 1325/1475/6
f 1325/1475/6 1324/1474/6 1326/1476/6
f 1323/1473/6 1327/1477/6 1328/1478/6
f 1328/1478/6 1327/1477/6 1329/1479/6
f 1330/1480/6 1325/1475/6 1331/1481/6
f 1331/1481/6 1325/1475/6 1332/1482/6
f 1333/1483/6 1331/1481/6 1334/1484/6
f 1334/1484/6 1331/1481/6 1335/1485/6
f 1336/1486/6 1337/1487/6 1338/1488/6
f 1338/1488/6 1337/1487/6 1339/1489/6
f 1340/1490/6 1341/1491/6 1342/1492/6
f 1342/1492/6 1341/1491/6 1343/1493/6
f 1339/1489/6 1344/1494/6 1345/1495/6
f 1345/1495/6 1344/1494/6 1346/1496/6
f 1347/1497/6 1342/1492/6 1348/1498/6
f 1348/1498/6 1342/1492/6 1349/1499/6
f 1346/1496/6 1350/1500/6 1351/1501/6
f 1352/1502/6 1348/1498/6 1353/1503/6
f 1351/1501/6 1354/1504/6 1355/1505/6
f 1346/1496/6 1351/1501/6 1355/1505/6
f 1355/1505/6 1354/1504/6 1356/1506/6
f 1356/1506/6 1354/1504/6 1357/1507/6
f 1358/1508/6 1353/1503/6 1359/1509/6
f 1353/1503/6 1348/1498/6 1360/1510/6
f 1359/1509/6 1353/1503/6 1360/1510/6
f 1360/1510/6 1348/1498/6 1361/1511/6
f 1356/1506/6 1357/1507/6 1362/1512/6
f 1357/1507/6 1359/1509/6 1362/1512/6
f 1359/1509/6 1360/1510/6 1362/1512/6
f 1362/1512/6 1360/1510/6 1363/1513/6
f 1364/1514/6 1365/1515/6 1366/1516/6
f 1366/1516/6 1365/1515/6 1367/1517/6
f 1368/1518/6 1369/1519/6 1370/1520/6
f 1370/1520/6 1369/1519/6 1371/1521/6
f 1372/1522/6 1373/1523/6 1374/1524/6
f 1374/1524/6 1373/1523/6 1375/1525/6
f 1376/1526/6 1377/1527/6 1378/1528/6
f 1378/1528/6 1377/1527/6 1379/1529/6
f 1380/1530/6 1381/1531/6 1382/1532/6
f 1382/1532/6 1381/1531/6 1383/1533/6
f 1384/1534/6 1385/1535/6 1386/1536/6
f 1386/1536/6 1385/1535/6 1387/1537/6
f 1388/1538/6 1389/1539/6 1390/1540/6
f 1390/1540/6 1389/1539/6 1391/1541/6
f 1392/1542/6 1393/1543/6 1394/1544/6
f 1394/1544/6 1393/1543/6 1395/1545/6
f 1396/1546/6 1394/1544/6 1397/1547/6
f 1397/1547/6 1394/1544/6 1398/1548/6
f 1395/1545/6 1399/1549/6 1400/1550/6
f 1400/1550/6 1399/1549/6 1401/1551/6
f 1402/1552/6 1403/1553/6 1404/1554/6
f 1404/1554/6 1403/1553/6 1405/1555/6
f 1406/1556/6 1407/1557/6 1408/1558/6
f 1408/1558/6 1407/1557/6 1409/1559/6
f 1410/1560/6 1411/1561/6 1412/1562/6
f 1412/1562/6 1411/1561/6 1413/1563/6
f 1414/1564/6 1415/1565/6 1416/1566/6
f 1416/1566/6 1415/1565/6 1417/1567/6
f 1418/1568/6 1419/1569/6 1420/1570/6
f 1420/1570/6 1419/1569/6 1421/1571/6
f 1422/1572/6 1423/1573/6 1424/1574/6
f 1424/1574/6 1423/1573/6 1425/1575/6
f 1426/1576/6 1427/1577/6 1428/1578/6
f 1428/1578/6 1427/1577/6 1429/1579/6
f 1429/1579/6 1427/1577/6 1430/1580/6
f 1431/1581/6 1432/1582/6 1433/1583/6
f 1433/1583/6 1432/1582/6 1434/1584/6
f 1434/1584/6 1432/1582/6 1435/1585/6
f 1429/1586/6 1430/1587/6 1436/1588/6
f 1433/1589/6 1434/1590/6 1436/1588/6
f 1430/1587/6 1433/1589/6 1436/1588/6
f 1436/1588/6 1434/1590/6 1437/1591/6
f 1438/1592/6 1439/1593/6 1440/1594/6
f 1440/1594/6 1439/1593/6 1441/1595/6
f 1442/1596/6 1443/1597/6 1444/1598/6
f 1444/1598/6 1443/1597/6 1445/1599/6
f 1446/1600/6 1447/1601/6 1448/1602/6
f 1448/1602/6 1447/1601/6 1449/1603/6
f 1450/1604/6 1448/1602/6 1451/1605/6
f 1451/1605/6 1448/1602/6 1452/1606/6
f 1449/1603/6 1453/1607/6 1454/1608/6
f 1454/1608/6 1453/1607/6 1455/1609/6
f 1456/1610/6 1457/1611/6 1458/1612/6
f 1458/1612/6 1457/1611/6 1459/1613/6
f 1460/1614/6 1461/1615/6 1462/1616/6
f 1462/1616/6 1461/1615/6 1463/1617/6
f 1464/1618/6 1465/1619/6 1466/1620/6
f 1466/1620/6 1465/1619/6 1467/1621/6
f 1468/1622/6 1469/1623/6 1470/1624/6
f 1470/1624/6 1469/1623/6 1471/1625/6
f 1467/1621/6 1470/1624/6 1472/1626/6
f 1472/1626/6 1470/1624/6 1473/1627/6
f 1474/1628/6 1475/1629/6 1476/1630/6
f 1476/1630/6 1475/1629/6 1477/1631/6
f 1478/1632/6 1479/1633/6 1480/1634/6
f 1480/1634/6 1479/1633/6 1481/1635/6
f 1482/1636/6 1483/1637/6 1484/1638/6
f 1484/1638/6 1483/1637/6 1485/1639/6
f 1486/1640/6 1487/1641/6 1488/1642/6
f 1488/1642/6 1487/1641/6 1489/1643/6
f 1490/1644/6 1491/1645/6 1492/1646/6
f 1492/1646/6 1491/1645/6 1493/1647/6
f 1490/1644/6 1492/1646/6 1494/1648/6
f 1493/1647/6 1491/1645/6 1495/1649/6
f 1490/1644/6 1494/1648/6 1496/1650/6
f 1494/1648/6 1495/1649/6 1496/1650/6
f 1495/1649/6 1491/1645/6 1497/1651/6
f 1496/1650/6 1495/1649/6 1497/1651/6
f 1498/1652/6 1499/1653/6 1500/1654/6
f 1500/1654/6 1499/1653/6 1501/1655/6
f 1498/1652/6 1500/1654/6 1502/1656/6
f 1501/1655/6 1499/1653/6 1503/1657/6
f 1498/1652/6 1502/1656/6 1504/1658/6
f 1502/1656/6 1503/1657/6 1504/1658/6
f 1503/1657/6 1499/1653/6 1505/1659/6
f 1504/1658/6 1503/1657/6 1505/1659/6
f 1506/1660/6 1507/1661/6 1508/1662/6
f 1508/1662/6 1507/1661/6 1509/1663/6
f 1509/1663/6 1507/1661/6 1510/1664/6
f 1510/1664/6 1507/1661/6 1511/1665/6
f 1506/1660/6 1508/1662/6 1512/1666/6
f 1512/1666/6 1513/1667/6 1514/1668/6
f 1511/1665/6 1507/1661/6 1515/1669/6
f 1512/1666/6 1514/1668/6 1516/1670/6
f 1514/1668/6 1515/1669/6 1516/1670/6
f 1506/1660/6 1512/1666/6 1516/1670/6
f 1515/1669/6 1507/1661/6 1517/1671/6
f 1516/1670/6 1515/1669/6 1517/1671/6
f 1518/1672/6 1519/1673/6 1520/1674/6
f 1520/1674/6 1519/1673/6 1521/1675/6
f 1522/1676/6 1523/1677/6 1524/1678/6
f 1524/1678/6 1523/1677/6 1525/1679/6
f 1526/1680/6 1527/1681/6 1528/1682/6
f 1528/1682/6 1527/1681/6 1529/1683/6
f 1530/1684/6 1531/1685/6 1532/1686/6
f 1532/1686/6 1531/1685/6 1533/1687/6
f 1533/1687/6 1531/1685/6 1534/1688/6
f 1535/1689/6 1536/1690/6 1537/1691/6
f 1537/1691/6 1536/1690/6 1538/1692/6
